Command line invocation:
    /Applications/Xcode.app/Contents/Developer/usr/bin/xcodebuild test -project SnapFlex.xcodeproj -scheme SnapFlex -destination platform=iOS,id=12E7AB1A-C5B5-5F9C-A09F-85D9F409E84E "-only-testing:SnapFlexTests/DeviceSettingsReproTests" -allowProvisioningUpdates DEVELOPMENT_TEAM=RA4VQQK3U6 CODE_SIGN_STYLE=Automatic

Build settings from command line:
    CODE_SIGN_STYLE = Automatic
    DEVELOPMENT_TEAM = RA4VQQK3U6

Resolve Package Graph


Resolved source packages:
  SnapFlexCore: /Users/andreamurru/SnapFlexBuild/Core

ComputePackagePrebuildTargetDependencyGraph

Prepare packages

CreateBuildRequest

SendProjectDescription

CreateBuildOperation

ComputeTargetDependencyGraph
note: Building targets in dependency order
note: Target dependency graph (4 targets)
    Target 'SnapFlexTests' in project 'SnapFlex'
        ➜ Explicit dependency on target 'SnapFlex' in project 'SnapFlex'
    Target 'SnapFlex' in project 'SnapFlex'
        ➜ Explicit dependency on target 'SnapFlexCore' in project 'SnapFlexCore'
    Target 'SnapFlexCore' in project 'SnapFlexCore'
        ➜ Explicit dependency on target 'SnapFlexCore' in project 'SnapFlexCore'
    Target 'SnapFlexCore' in project 'SnapFlexCore' (no dependencies)

GatherProvisioningInputs

CreateBuildDescription

ExecuteExternalTool /Applications/Xcode.app/Contents/Developer/Toolchains/XcodeDefault.xctoolchain/usr/bin/swiftc --version

ExecuteExternalTool /Applications/Xcode.app/Contents/Developer/Toolchains/XcodeDefault.xctoolchain/usr/bin/clang -v -E -dM -isysroot /Applications/Xcode.app/Contents/Developer/Platforms/iPhoneOS.platform/Developer/SDKs/iPhoneOS26.5.sdk -x c -c /dev/null

ExecuteExternalTool /Applications/Xcode.app/Contents/Developer/usr/bin/actool --print-asset-tag-combinations --output-format xml1 /Users/andreamurru/SnapFlexBuild/App/Assets.xcassets

ExecuteExternalTool /Applications/Xcode.app/Contents/Developer/usr/bin/actool --version --output-format xml1

ExecuteExternalTool /Applications/Xcode.app/Contents/Developer/Toolchains/XcodeDefault.xctoolchain/usr/bin/ld -version_details

Build description signature: 0fa008399afbb2e26c424ec604e82782
Build description path: /Users/andreamurru/Library/Developer/Xcode/DerivedData/SnapFlex-avcdgpizbreltndcksdvuvkrjyfp/Build/Intermediates.noindex/XCBuildData/0fa008399afbb2e26c424ec604e82782.xcbuilddata
ClangStatCache /Applications/Xcode.app/Contents/Developer/Toolchains/XcodeDefault.xctoolchain/usr/bin/clang-stat-cache /Applications/Xcode.app/Contents/Developer/Platforms/iPhoneOS.platform/Developer/SDKs/iPhoneOS26.5.sdk /Users/andreamurru/Library/Developer/Xcode/DerivedData/SDKStatCaches.noindex/iphoneos26.5-23F73-688ef53f1462e2c8f657fdc38a81448f32daed1954a7d5dd0789fcaf2a9bb78b.sdkstatcache
    cd /Users/andreamurru/SnapFlexBuild/SnapFlex.xcodeproj
    /Applications/Xcode.app/Contents/Developer/Toolchains/XcodeDefault.xctoolchain/usr/bin/clang-stat-cache /Applications/Xcode.app/Contents/Developer/Platforms/iPhoneOS.platform/Developer/SDKs/iPhoneOS26.5.sdk -o /Users/andreamurru/Library/Developer/Xcode/DerivedData/SDKStatCaches.noindex/iphoneos26.5-23F73-688ef53f1462e2c8f657fdc38a81448f32daed1954a7d5dd0789fcaf2a9bb78b.sdkstatcache

CreateBuildDirectory /Users/andreamurru/Library/Developer/Xcode/DerivedData/SnapFlex-avcdgpizbreltndcksdvuvkrjyfp/Build/Products/Debug-iphoneos
    cd /Users/andreamurru/SnapFlexBuild/SnapFlex.xcodeproj
    builtin-create-build-directory /Users/andreamurru/Library/Developer/Xcode/DerivedData/SnapFlex-avcdgpizbreltndcksdvuvkrjyfp/Build/Products/Debug-iphoneos

CreateBuildDirectory /Users/andreamurru/Library/Developer/Xcode/DerivedData/SnapFlex-avcdgpizbreltndcksdvuvkrjyfp/Build/Intermediates.noindex/EagerLinkingTBDs/Debug-iphoneos
    cd /Users/andreamurru/SnapFlexBuild/SnapFlex.xcodeproj
    builtin-create-build-directory /Users/andreamurru/Library/Developer/Xcode/DerivedData/SnapFlex-avcdgpizbreltndcksdvuvkrjyfp/Build/Intermediates.noindex/EagerLinkingTBDs/Debug-iphoneos

WriteAuxiliaryFile /Users/andreamurru/Library/Developer/Xcode/DerivedData/SnapFlex-avcdgpizbreltndcksdvuvkrjyfp/Build/Intermediates.noindex/SnapFlex.build/Debug-iphoneos/SnapFlex-0deaf04b0ddd94b0ab39d2d00cf13a33-VFS-iphoneos/all-product-headers.yaml
    cd /Users/andreamurru/SnapFlexBuild/SnapFlex.xcodeproj
    write-file /Users/andreamurru/Library/Developer/Xcode/DerivedData/SnapFlex-avcdgpizbreltndcksdvuvkrjyfp/Build/Intermediates.noindex/SnapFlex.build/Debug-iphoneos/SnapFlex-0deaf04b0ddd94b0ab39d2d00cf13a33-VFS-iphoneos/all-product-headers.yaml

CreateBuildDirectory /Users/andreamurru/Library/Developer/Xcode/DerivedData/SnapFlex-avcdgpizbreltndcksdvuvkrjyfp/Build/Products/Debug-iphoneos/PackageFrameworks
    cd /Users/andreamurru/SnapFlexBuild/SnapFlex.xcodeproj
    builtin-create-build-directory /Users/andreamurru/Library/Developer/Xcode/DerivedData/SnapFlex-avcdgpizbreltndcksdvuvkrjyfp/Build/Products/Debug-iphoneos/PackageFrameworks

WriteAuxiliaryFile /Users/andreamurru/Library/Developer/Xcode/DerivedData/SnapFlex-avcdgpizbreltndcksdvuvkrjyfp/Build/Intermediates.noindex/SnapFlex.build/Debug-iphoneos/SnapFlex.build/SnapFlex.hmap (in target 'SnapFlex' from project 'SnapFlex')
    cd /Users/andreamurru/SnapFlexBuild
    write-file /Users/andreamurru/Library/Developer/Xcode/DerivedData/SnapFlex-avcdgpizbreltndcksdvuvkrjyfp/Build/Intermediates.noindex/SnapFlex.build/Debug-iphoneos/SnapFlex.build/SnapFlex.hmap

WriteAuxiliaryFile /Users/andreamurru/Library/Developer/Xcode/DerivedData/SnapFlex-avcdgpizbreltndcksdvuvkrjyfp/Build/Intermediates.noindex/SnapFlex.build/Debug-iphoneos/SnapFlex.build/SnapFlex-project-headers.hmap (in target 'SnapFlex' from project 'SnapFlex')
    cd /Users/andreamurru/SnapFlexBuild
    write-file /Users/andreamurru/Library/Developer/Xcode/DerivedData/SnapFlex-avcdgpizbreltndcksdvuvkrjyfp/Build/Intermediates.noindex/SnapFlex.build/Debug-iphoneos/SnapFlex.build/SnapFlex-project-headers.hmap

WriteAuxiliaryFile /Users/andreamurru/Library/Developer/Xcode/DerivedData/SnapFlex-avcdgpizbreltndcksdvuvkrjyfp/Build/Intermediates.noindex/SnapFlex.build/Debug-iphoneos/SnapFlex.build/SnapFlex-DebugDylibInstallName-normal-arm64.txt (in target 'SnapFlex' from project 'SnapFlex')
    cd /Users/andreamurru/SnapFlexBuild
    write-file /Users/andreamurru/Library/Developer/Xcode/DerivedData/SnapFlex-avcdgpizbreltndcksdvuvkrjyfp/Build/Intermediates.noindex/SnapFlex.build/Debug-iphoneos/SnapFlex.build/SnapFlex-DebugDylibInstallName-normal-arm64.txt

WriteAuxiliaryFile /Users/andreamurru/Library/Developer/Xcode/DerivedData/SnapFlex-avcdgpizbreltndcksdvuvkrjyfp/Build/Intermediates.noindex/SnapFlex.build/Debug-iphoneos/SnapFlex.build/SnapFlex-own-target-headers.hmap (in target 'SnapFlex' from project 'SnapFlex')
    cd /Users/andreamurru/SnapFlexBuild
    write-file /Users/andreamurru/Library/Developer/Xcode/DerivedData/SnapFlex-avcdgpizbreltndcksdvuvkrjyfp/Build/Intermediates.noindex/SnapFlex.build/Debug-iphoneos/SnapFlex.build/SnapFlex-own-target-headers.hmap

WriteAuxiliaryFile /Users/andreamurru/Library/Developer/Xcode/DerivedData/SnapFlex-avcdgpizbreltndcksdvuvkrjyfp/Build/Intermediates.noindex/SnapFlex.build/Debug-iphoneos/SnapFlex.build/empty-SnapFlex.plist (in target 'SnapFlex' from project 'SnapFlex')
    cd /Users/andreamurru/SnapFlexBuild
    write-file /Users/andreamurru/Library/Developer/Xcode/DerivedData/SnapFlex-avcdgpizbreltndcksdvuvkrjyfp/Build/Intermediates.noindex/SnapFlex.build/Debug-iphoneos/SnapFlex.build/empty-SnapFlex.plist

WriteAuxiliaryFile /Users/andreamurru/Library/Developer/Xcode/DerivedData/SnapFlex-avcdgpizbreltndcksdvuvkrjyfp/Build/Intermediates.noindex/SnapFlex.build/Debug-iphoneos/SnapFlex.build/SnapFlex-all-target-headers.hmap (in target 'SnapFlex' from project 'SnapFlex')
    cd /Users/andreamurru/SnapFlexBuild
    write-file /Users/andreamurru/Library/Developer/Xcode/DerivedData/SnapFlex-avcdgpizbreltndcksdvuvkrjyfp/Build/Intermediates.noindex/SnapFlex.build/Debug-iphoneos/SnapFlex.build/SnapFlex-all-target-headers.hmap

WriteAuxiliaryFile /Users/andreamurru/Library/Developer/Xcode/DerivedData/SnapFlex-avcdgpizbreltndcksdvuvkrjyfp/Build/Intermediates.noindex/SnapFlex.build/Debug-iphoneos/SnapFlex.build/SnapFlex-generated-files.hmap (in target 'SnapFlex' from project 'SnapFlex')
    cd /Users/andreamurru/SnapFlexBuild
    write-file /Users/andreamurru/Library/Developer/Xcode/DerivedData/SnapFlex-avcdgpizbreltndcksdvuvkrjyfp/Build/Intermediates.noindex/SnapFlex.build/Debug-iphoneos/SnapFlex.build/SnapFlex-generated-files.hmap

WriteAuxiliaryFile /Users/andreamurru/Library/Developer/Xcode/DerivedData/SnapFlex-avcdgpizbreltndcksdvuvkrjyfp/Build/Intermediates.noindex/SnapFlex.build/Debug-iphoneos/SnapFlex.build/SnapFlex-DebugDylibPath-normal-arm64.txt (in target 'SnapFlex' from project 'SnapFlex')
    cd /Users/andreamurru/SnapFlexBuild
    write-file /Users/andreamurru/Library/Developer/Xcode/DerivedData/SnapFlex-avcdgpizbreltndcksdvuvkrjyfp/Build/Intermediates.noindex/SnapFlex.build/Debug-iphoneos/SnapFlex.build/SnapFlex-DebugDylibPath-normal-arm64.txt

WriteAuxiliaryFile /Users/andreamurru/Library/Developer/Xcode/DerivedData/SnapFlex-avcdgpizbreltndcksdvuvkrjyfp/Build/Intermediates.noindex/SnapFlex.build/Debug-iphoneos/SnapFlex.build/SnapFlex-all-non-framework-target-headers.hmap (in target 'SnapFlex' from project 'SnapFlex')
    cd /Users/andreamurru/SnapFlexBuild
    write-file /Users/andreamurru/Library/Developer/Xcode/DerivedData/SnapFlex-avcdgpizbreltndcksdvuvkrjyfp/Build/Intermediates.noindex/SnapFlex.build/Debug-iphoneos/SnapFlex.build/SnapFlex-all-non-framework-target-headers.hmap

WriteAuxiliaryFile /Users/andreamurru/Library/Developer/Xcode/DerivedData/SnapFlex-avcdgpizbreltndcksdvuvkrjyfp/Build/Intermediates.noindex/SnapFlex.build/Debug-iphoneos/SnapFlexTests.build/empty-SnapFlexTests.plist (in target 'SnapFlexTests' from project 'SnapFlex')
    cd /Users/andreamurru/SnapFlexBuild
    write-file /Users/andreamurru/Library/Developer/Xcode/DerivedData/SnapFlex-avcdgpizbreltndcksdvuvkrjyfp/Build/Intermediates.noindex/SnapFlex.build/Debug-iphoneos/SnapFlexTests.build/empty-SnapFlexTests.plist

WriteAuxiliaryFile /Users/andreamurru/Library/Developer/Xcode/DerivedData/SnapFlex-avcdgpizbreltndcksdvuvkrjyfp/Build/Intermediates.noindex/SnapFlex.build/Debug-iphoneos/SnapFlexTests.build/SnapFlexTests.hmap (in target 'SnapFlexTests' from project 'SnapFlex')
    cd /Users/andreamurru/SnapFlexBuild
    write-file /Users/andreamurru/Library/Developer/Xcode/DerivedData/SnapFlex-avcdgpizbreltndcksdvuvkrjyfp/Build/Intermediates.noindex/SnapFlex.build/Debug-iphoneos/SnapFlexTests.build/SnapFlexTests.hmap

WriteAuxiliaryFile /Users/andreamurru/Library/Developer/Xcode/DerivedData/SnapFlex-avcdgpizbreltndcksdvuvkrjyfp/Build/Intermediates.noindex/SnapFlex.build/Debug-iphoneos/SnapFlexTests.build/SnapFlexTests.DependencyStaticMetadataFileList (in target 'SnapFlexTests' from project 'SnapFlex')
    cd /Users/andreamurru/SnapFlexBuild
    write-file /Users/andreamurru/Library/Developer/Xcode/DerivedData/SnapFlex-avcdgpizbreltndcksdvuvkrjyfp/Build/Intermediates.noindex/SnapFlex.build/Debug-iphoneos/SnapFlexTests.build/SnapFlexTests.DependencyStaticMetadataFileList

WriteAuxiliaryFile /Users/andreamurru/Library/Developer/Xcode/DerivedData/SnapFlex-avcdgpizbreltndcksdvuvkrjyfp/Build/Intermediates.noindex/SnapFlex.build/Debug-iphoneos/SnapFlexTests.build/SnapFlexTests.DependencyMetadataFileList (in target 'SnapFlexTests' from project 'SnapFlex')
    cd /Users/andreamurru/SnapFlexBuild
    write-file /Users/andreamurru/Library/Developer/Xcode/DerivedData/SnapFlex-avcdgpizbreltndcksdvuvkrjyfp/Build/Intermediates.noindex/SnapFlex.build/Debug-iphoneos/SnapFlexTests.build/SnapFlexTests.DependencyMetadataFileList

WriteAuxiliaryFile /Users/andreamurru/Library/Developer/Xcode/DerivedData/SnapFlex-avcdgpizbreltndcksdvuvkrjyfp/Build/Intermediates.noindex/SnapFlex.build/Debug-iphoneos/SnapFlexTests.build/SnapFlexTests-own-target-headers.hmap (in target 'SnapFlexTests' from project 'SnapFlex')
    cd /Users/andreamurru/SnapFlexBuild
    write-file /Users/andreamurru/Library/Developer/Xcode/DerivedData/SnapFlex-avcdgpizbreltndcksdvuvkrjyfp/Build/Intermediates.noindex/SnapFlex.build/Debug-iphoneos/SnapFlexTests.build/SnapFlexTests-own-target-headers.hmap

WriteAuxiliaryFile /Users/andreamurru/Library/Developer/Xcode/DerivedData/SnapFlex-avcdgpizbreltndcksdvuvkrjyfp/Build/Intermediates.noindex/SnapFlex.build/Debug-iphoneos/SnapFlexTests.build/SnapFlexTests-generated-files.hmap (in target 'SnapFlexTests' from project 'SnapFlex')
    cd /Users/andreamurru/SnapFlexBuild
    write-file /Users/andreamurru/Library/Developer/Xcode/DerivedData/SnapFlex-avcdgpizbreltndcksdvuvkrjyfp/Build/Intermediates.noindex/SnapFlex.build/Debug-iphoneos/SnapFlexTests.build/SnapFlexTests-generated-files.hmap

WriteAuxiliaryFile /Users/andreamurru/Library/Developer/Xcode/DerivedData/SnapFlex-avcdgpizbreltndcksdvuvkrjyfp/Build/Intermediates.noindex/SnapFlex.build/Debug-iphoneos/SnapFlexTests.build/SnapFlexTests-project-headers.hmap (in target 'SnapFlexTests' from project 'SnapFlex')
    cd /Users/andreamurru/SnapFlexBuild
    write-file /Users/andreamurru/Library/Developer/Xcode/DerivedData/SnapFlex-avcdgpizbreltndcksdvuvkrjyfp/Build/Intermediates.noindex/SnapFlex.build/Debug-iphoneos/SnapFlexTests.build/SnapFlexTests-project-headers.hmap

WriteAuxiliaryFile /Users/andreamurru/Library/Developer/Xcode/DerivedData/SnapFlex-avcdgpizbreltndcksdvuvkrjyfp/Build/Intermediates.noindex/SnapFlex.build/Debug-iphoneos/SnapFlexTests.build/SnapFlexTests-all-target-headers.hmap (in target 'SnapFlexTests' from project 'SnapFlex')
    cd /Users/andreamurru/SnapFlexBuild
    write-file /Users/andreamurru/Library/Developer/Xcode/DerivedData/SnapFlex-avcdgpizbreltndcksdvuvkrjyfp/Build/Intermediates.noindex/SnapFlex.build/Debug-iphoneos/SnapFlexTests.build/SnapFlexTests-all-target-headers.hmap

WriteAuxiliaryFile /Users/andreamurru/Library/Developer/Xcode/DerivedData/SnapFlex-avcdgpizbreltndcksdvuvkrjyfp/Build/Intermediates.noindex/SnapFlex.build/Debug-iphoneos/SnapFlexTests.build/SnapFlexTests-all-non-framework-target-headers.hmap (in target 'SnapFlexTests' from project 'SnapFlex')
    cd /Users/andreamurru/SnapFlexBuild
    write-file /Users/andreamurru/Library/Developer/Xcode/DerivedData/SnapFlex-avcdgpizbreltndcksdvuvkrjyfp/Build/Intermediates.noindex/SnapFlex.build/Debug-iphoneos/SnapFlexTests.build/SnapFlexTests-all-non-framework-target-headers.hmap

WriteAuxiliaryFile /Users/andreamurru/Library/Developer/Xcode/DerivedData/SnapFlex-avcdgpizbreltndcksdvuvkrjyfp/Build/Intermediates.noindex/SnapFlex.build/Debug-iphoneos/SnapFlexTests.build/Objects-normal/arm64/SnapFlexTests_const_extract_protocols.json (in target 'SnapFlexTests' from project 'SnapFlex')
    cd /Users/andreamurru/SnapFlexBuild
    write-file /Users/andreamurru/Library/Developer/Xcode/DerivedData/SnapFlex-avcdgpizbreltndcksdvuvkrjyfp/Build/Intermediates.noindex/SnapFlex.build/Debug-iphoneos/SnapFlexTests.build/Objects-normal/arm64/SnapFlexTests_const_extract_protocols.json

WriteAuxiliaryFile /Users/andreamurru/Library/Developer/Xcode/DerivedData/SnapFlex-avcdgpizbreltndcksdvuvkrjyfp/Build/Intermediates.noindex/SnapFlex.build/Debug-iphoneos/SnapFlexTests.build/Objects-normal/arm64/SnapFlexTests.SwiftFileList (in target 'SnapFlexTests' from project 'SnapFlex')
    cd /Users/andreamurru/SnapFlexBuild
    write-file /Users/andreamurru/Library/Developer/Xcode/DerivedData/SnapFlex-avcdgpizbreltndcksdvuvkrjyfp/Build/Intermediates.noindex/SnapFlex.build/Debug-iphoneos/SnapFlexTests.build/Objects-normal/arm64/SnapFlexTests.SwiftFileList

WriteAuxiliaryFile /Users/andreamurru/Library/Developer/Xcode/DerivedData/SnapFlex-avcdgpizbreltndcksdvuvkrjyfp/Build/Intermediates.noindex/SnapFlex.build/Debug-iphoneos/SnapFlexTests.build/Objects-normal/arm64/SnapFlexTests.SwiftConstValuesFileList (in target 'SnapFlexTests' from project 'SnapFlex')
    cd /Users/andreamurru/SnapFlexBuild
    write-file /Users/andreamurru/Library/Developer/Xcode/DerivedData/SnapFlex-avcdgpizbreltndcksdvuvkrjyfp/Build/Intermediates.noindex/SnapFlex.build/Debug-iphoneos/SnapFlexTests.build/Objects-normal/arm64/SnapFlexTests.SwiftConstValuesFileList

WriteAuxiliaryFile /Users/andreamurru/Library/Developer/Xcode/DerivedData/SnapFlex-avcdgpizbreltndcksdvuvkrjyfp/Build/Intermediates.noindex/SnapFlex.build/Debug-iphoneos/SnapFlexTests.build/Objects-normal/arm64/SnapFlexTests.LinkFileList (in target 'SnapFlexTests' from project 'SnapFlex')
    cd /Users/andreamurru/SnapFlexBuild
    write-file /Users/andreamurru/Library/Developer/Xcode/DerivedData/SnapFlex-avcdgpizbreltndcksdvuvkrjyfp/Build/Intermediates.noindex/SnapFlex.build/Debug-iphoneos/SnapFlexTests.build/Objects-normal/arm64/SnapFlexTests.LinkFileList

WriteAuxiliaryFile /Users/andreamurru/Library/Developer/Xcode/DerivedData/SnapFlex-avcdgpizbreltndcksdvuvkrjyfp/Build/Intermediates.noindex/SnapFlex.build/Debug-iphoneos/SnapFlexTests.build/Objects-normal/arm64/SnapFlexTests-OutputFileMap.json (in target 'SnapFlexTests' from project 'SnapFlex')
    cd /Users/andreamurru/SnapFlexBuild
    write-file /Users/andreamurru/Library/Developer/Xcode/DerivedData/SnapFlex-avcdgpizbreltndcksdvuvkrjyfp/Build/Intermediates.noindex/SnapFlex.build/Debug-iphoneos/SnapFlexTests.build/Objects-normal/arm64/SnapFlexTests-OutputFileMap.json

WriteAuxiliaryFile /Users/andreamurru/Library/Developer/Xcode/DerivedData/SnapFlex-avcdgpizbreltndcksdvuvkrjyfp/Build/Intermediates.noindex/SnapFlex.build/Debug-iphoneos/SnapFlex.build/SnapFlex.DependencyStaticMetadataFileList (in target 'SnapFlex' from project 'SnapFlex')
    cd /Users/andreamurru/SnapFlexBuild
    write-file /Users/andreamurru/Library/Developer/Xcode/DerivedData/SnapFlex-avcdgpizbreltndcksdvuvkrjyfp/Build/Intermediates.noindex/SnapFlex.build/Debug-iphoneos/SnapFlex.build/SnapFlex.DependencyStaticMetadataFileList

WriteAuxiliaryFile /Users/andreamurru/Library/Developer/Xcode/DerivedData/SnapFlex-avcdgpizbreltndcksdvuvkrjyfp/Build/Intermediates.noindex/SnapFlex.build/Debug-iphoneos/SnapFlex.build/SnapFlex.DependencyMetadataFileList (in target 'SnapFlex' from project 'SnapFlex')
    cd /Users/andreamurru/SnapFlexBuild
    write-file /Users/andreamurru/Library/Developer/Xcode/DerivedData/SnapFlex-avcdgpizbreltndcksdvuvkrjyfp/Build/Intermediates.noindex/SnapFlex.build/Debug-iphoneos/SnapFlex.build/SnapFlex.DependencyMetadataFileList

WriteAuxiliaryFile /Users/andreamurru/Library/Developer/Xcode/DerivedData/SnapFlex-avcdgpizbreltndcksdvuvkrjyfp/Build/Intermediates.noindex/SnapFlex.build/Debug-iphoneos/SnapFlex.build/Objects-normal/arm64/SnapFlex_const_extract_protocols.json (in target 'SnapFlex' from project 'SnapFlex')
    cd /Users/andreamurru/SnapFlexBuild
    write-file /Users/andreamurru/Library/Developer/Xcode/DerivedData/SnapFlex-avcdgpizbreltndcksdvuvkrjyfp/Build/Intermediates.noindex/SnapFlex.build/Debug-iphoneos/SnapFlex.build/Objects-normal/arm64/SnapFlex_const_extract_protocols.json

WriteAuxiliaryFile /Users/andreamurru/Library/Developer/Xcode/DerivedData/SnapFlex-avcdgpizbreltndcksdvuvkrjyfp/Build/Intermediates.noindex/SnapFlex.build/Debug-iphoneos/SnapFlex.build/Objects-normal/arm64/SnapFlex.SwiftFileList (in target 'SnapFlex' from project 'SnapFlex')
    cd /Users/andreamurru/SnapFlexBuild
    write-file /Users/andreamurru/Library/Developer/Xcode/DerivedData/SnapFlex-avcdgpizbreltndcksdvuvkrjyfp/Build/Intermediates.noindex/SnapFlex.build/Debug-iphoneos/SnapFlex.build/Objects-normal/arm64/SnapFlex.SwiftFileList

WriteAuxiliaryFile /Users/andreamurru/Library/Developer/Xcode/DerivedData/SnapFlex-avcdgpizbreltndcksdvuvkrjyfp/Build/Intermediates.noindex/SnapFlex.build/Debug-iphoneos/SnapFlex.build/Objects-normal/arm64/SnapFlex.SwiftConstValuesFileList (in target 'SnapFlex' from project 'SnapFlex')
    cd /Users/andreamurru/SnapFlexBuild
    write-file /Users/andreamurru/Library/Developer/Xcode/DerivedData/SnapFlex-avcdgpizbreltndcksdvuvkrjyfp/Build/Intermediates.noindex/SnapFlex.build/Debug-iphoneos/SnapFlex.build/Objects-normal/arm64/SnapFlex.SwiftConstValuesFileList

WriteAuxiliaryFile /Users/andreamurru/Library/Developer/Xcode/DerivedData/SnapFlex-avcdgpizbreltndcksdvuvkrjyfp/Build/Intermediates.noindex/SnapFlex.build/Debug-iphoneos/SnapFlex.build/Objects-normal/arm64/SnapFlex.LinkFileList (in target 'SnapFlex' from project 'SnapFlex')
    cd /Users/andreamurru/SnapFlexBuild
    write-file /Users/andreamurru/Library/Developer/Xcode/DerivedData/SnapFlex-avcdgpizbreltndcksdvuvkrjyfp/Build/Intermediates.noindex/SnapFlex.build/Debug-iphoneos/SnapFlex.build/Objects-normal/arm64/SnapFlex.LinkFileList

WriteAuxiliaryFile /Users/andreamurru/Library/Developer/Xcode/DerivedData/SnapFlex-avcdgpizbreltndcksdvuvkrjyfp/Build/Intermediates.noindex/SnapFlexCore.build/Debug-iphoneos/SnapFlexCore.build/SnapFlexCore.modulemap (in target 'SnapFlexCore' from project 'SnapFlexCore')
    cd /Users/andreamurru/SnapFlexBuild/Core
    write-file /Users/andreamurru/Library/Developer/Xcode/DerivedData/SnapFlex-avcdgpizbreltndcksdvuvkrjyfp/Build/Intermediates.noindex/SnapFlexCore.build/Debug-iphoneos/SnapFlexCore.build/SnapFlexCore.modulemap

WriteAuxiliaryFile /Users/andreamurru/Library/Developer/Xcode/DerivedData/SnapFlex-avcdgpizbreltndcksdvuvkrjyfp/Build/Intermediates.noindex/SnapFlexCore.build/Debug-iphoneos/SnapFlexCore.build/SnapFlexCore.DependencyStaticMetadataFileList (in target 'SnapFlexCore' from project 'SnapFlexCore')
    cd /Users/andreamurru/SnapFlexBuild/Core
    write-file /Users/andreamurru/Library/Developer/Xcode/DerivedData/SnapFlex-avcdgpizbreltndcksdvuvkrjyfp/Build/Intermediates.noindex/SnapFlexCore.build/Debug-iphoneos/SnapFlexCore.build/SnapFlexCore.DependencyStaticMetadataFileList

WriteAuxiliaryFile /Users/andreamurru/Library/Developer/Xcode/DerivedData/SnapFlex-avcdgpizbreltndcksdvuvkrjyfp/Build/Intermediates.noindex/SnapFlexCore.build/Debug-iphoneos/SnapFlexCore.build/SnapFlexCore.DependencyMetadataFileList (in target 'SnapFlexCore' from project 'SnapFlexCore')
    cd /Users/andreamurru/SnapFlexBuild/Core
    write-file /Users/andreamurru/Library/Developer/Xcode/DerivedData/SnapFlex-avcdgpizbreltndcksdvuvkrjyfp/Build/Intermediates.noindex/SnapFlexCore.build/Debug-iphoneos/SnapFlexCore.build/SnapFlexCore.DependencyMetadataFileList

WriteAuxiliaryFile /Users/andreamurru/Library/Developer/Xcode/DerivedData/SnapFlex-avcdgpizbreltndcksdvuvkrjyfp/Build/Intermediates.noindex/SnapFlexCore.build/Debug-iphoneos/SnapFlexCore.build/Objects-normal/arm64/SnapFlexCore_const_extract_protocols.json (in target 'SnapFlexCore' from project 'SnapFlexCore')
    cd /Users/andreamurru/SnapFlexBuild/Core
    write-file /Users/andreamurru/Library/Developer/Xcode/DerivedData/SnapFlex-avcdgpizbreltndcksdvuvkrjyfp/Build/Intermediates.noindex/SnapFlexCore.build/Debug-iphoneos/SnapFlexCore.build/Objects-normal/arm64/SnapFlexCore_const_extract_protocols.json

WriteAuxiliaryFile /Users/andreamurru/Library/Developer/Xcode/DerivedData/SnapFlex-avcdgpizbreltndcksdvuvkrjyfp/Build/Intermediates.noindex/SnapFlexCore.build/Debug-iphoneos/SnapFlexCore.build/Objects-normal/arm64/SnapFlexCore.SwiftFileList (in target 'SnapFlexCore' from project 'SnapFlexCore')
    cd /Users/andreamurru/SnapFlexBuild/Core
    write-file /Users/andreamurru/Library/Developer/Xcode/DerivedData/SnapFlex-avcdgpizbreltndcksdvuvkrjyfp/Build/Intermediates.noindex/SnapFlexCore.build/Debug-iphoneos/SnapFlexCore.build/Objects-normal/arm64/SnapFlexCore.SwiftFileList

WriteAuxiliaryFile /Users/andreamurru/Library/Developer/Xcode/DerivedData/SnapFlex-avcdgpizbreltndcksdvuvkrjyfp/Build/Intermediates.noindex/SnapFlexCore.build/Debug-iphoneos/SnapFlexCore.build/Objects-normal/arm64/SnapFlexCore.SwiftConstValuesFileList (in target 'SnapFlexCore' from project 'SnapFlexCore')
    cd /Users/andreamurru/SnapFlexBuild/Core
    write-file /Users/andreamurru/Library/Developer/Xcode/DerivedData/SnapFlex-avcdgpizbreltndcksdvuvkrjyfp/Build/Intermediates.noindex/SnapFlexCore.build/Debug-iphoneos/SnapFlexCore.build/Objects-normal/arm64/SnapFlexCore.SwiftConstValuesFileList

WriteAuxiliaryFile /Users/andreamurru/Library/Developer/Xcode/DerivedData/SnapFlex-avcdgpizbreltndcksdvuvkrjyfp/Build/Intermediates.noindex/SnapFlexCore.build/Debug-iphoneos/SnapFlexCore.build/Objects-normal/arm64/SnapFlexCore.LinkFileList (in target 'SnapFlexCore' from project 'SnapFlexCore')
    cd /Users/andreamurru/SnapFlexBuild/Core
    write-file /Users/andreamurru/Library/Developer/Xcode/DerivedData/SnapFlex-avcdgpizbreltndcksdvuvkrjyfp/Build/Intermediates.noindex/SnapFlexCore.build/Debug-iphoneos/SnapFlexCore.build/Objects-normal/arm64/SnapFlexCore.LinkFileList

WriteAuxiliaryFile /Users/andreamurru/Library/Developer/Xcode/DerivedData/SnapFlex-avcdgpizbreltndcksdvuvkrjyfp/Build/Intermediates.noindex/SnapFlexCore.build/Debug-iphoneos/SnapFlexCore.build/Objects-normal/arm64/SnapFlexCore-OutputFileMap.json (in target 'SnapFlexCore' from project 'SnapFlexCore')
    cd /Users/andreamurru/SnapFlexBuild/Core
    write-file /Users/andreamurru/Library/Developer/Xcode/DerivedData/SnapFlex-avcdgpizbreltndcksdvuvkrjyfp/Build/Intermediates.noindex/SnapFlexCore.build/Debug-iphoneos/SnapFlexCore.build/Objects-normal/arm64/SnapFlexCore-OutputFileMap.json

WriteAuxiliaryFile /Users/andreamurru/Library/Developer/Xcode/DerivedData/SnapFlex-avcdgpizbreltndcksdvuvkrjyfp/Build/Intermediates.noindex/SnapFlex.build/Debug-iphoneos/SnapFlex.build/Objects-normal/arm64/SnapFlex-OutputFileMap.json (in target 'SnapFlex' from project 'SnapFlex')
    cd /Users/andreamurru/SnapFlexBuild
    write-file /Users/andreamurru/Library/Developer/Xcode/DerivedData/SnapFlex-avcdgpizbreltndcksdvuvkrjyfp/Build/Intermediates.noindex/SnapFlex.build/Debug-iphoneos/SnapFlex.build/Objects-normal/arm64/SnapFlex-OutputFileMap.json

WriteAuxiliaryFile /Users/andreamurru/Library/Developer/Xcode/DerivedData/SnapFlex-avcdgpizbreltndcksdvuvkrjyfp/Build/Intermediates.noindex/SnapFlex.build/Debug-iphoneos/SnapFlex.build/DerivedSources/Entitlements.plist (in target 'SnapFlex' from project 'SnapFlex')
    cd /Users/andreamurru/SnapFlexBuild
    write-file /Users/andreamurru/Library/Developer/Xcode/DerivedData/SnapFlex-avcdgpizbreltndcksdvuvkrjyfp/Build/Intermediates.noindex/SnapFlex.build/Debug-iphoneos/SnapFlex.build/DerivedSources/Entitlements.plist

MkDir /Users/andreamurru/Library/Developer/Xcode/DerivedData/SnapFlex-avcdgpizbreltndcksdvuvkrjyfp/Build/Products/Debug-iphoneos/SnapFlex.app (in target 'SnapFlex' from project 'SnapFlex')
    cd /Users/andreamurru/SnapFlexBuild
    /bin/mkdir -p /Users/andreamurru/Library/Developer/Xcode/DerivedData/SnapFlex-avcdgpizbreltndcksdvuvkrjyfp/Build/Products/Debug-iphoneos/SnapFlex.app

MkDir /Users/andreamurru/Library/Developer/Xcode/DerivedData/SnapFlex-avcdgpizbreltndcksdvuvkrjyfp/Build/Products/Debug-iphoneos/SnapFlex.app/PlugIns (in target 'SnapFlex' from project 'SnapFlex')
    cd /Users/andreamurru/SnapFlexBuild
    /bin/mkdir -p /Users/andreamurru/Library/Developer/Xcode/DerivedData/SnapFlex-avcdgpizbreltndcksdvuvkrjyfp/Build/Products/Debug-iphoneos/SnapFlex.app/PlugIns

MkDir /Users/andreamurru/Library/Developer/Xcode/DerivedData/SnapFlex-avcdgpizbreltndcksdvuvkrjyfp/Build/Products/Debug-iphoneos/SnapFlex.app/Frameworks (in target 'SnapFlex' from project 'SnapFlex')
    cd /Users/andreamurru/SnapFlexBuild
    /bin/mkdir -p /Users/andreamurru/Library/Developer/Xcode/DerivedData/SnapFlex-avcdgpizbreltndcksdvuvkrjyfp/Build/Products/Debug-iphoneos/SnapFlex.app/Frameworks

MkDir /Users/andreamurru/Library/Developer/Xcode/DerivedData/SnapFlex-avcdgpizbreltndcksdvuvkrjyfp/Build/Products/Debug-iphoneos/SnapFlex.app/PlugIns/SnapFlexTests.xctest (in target 'SnapFlexTests' from project 'SnapFlex')
    cd /Users/andreamurru/SnapFlexBuild
    /bin/mkdir -p /Users/andreamurru/Library/Developer/Xcode/DerivedData/SnapFlex-avcdgpizbreltndcksdvuvkrjyfp/Build/Products/Debug-iphoneos/SnapFlex.app/PlugIns/SnapFlexTests.xctest

Copy /Users/andreamurru/Library/Developer/Xcode/DerivedData/SnapFlex-avcdgpizbreltndcksdvuvkrjyfp/Build/Intermediates.noindex/GeneratedModuleMaps-iphoneos/SnapFlexCore.modulemap /Users/andreamurru/Library/Developer/Xcode/DerivedData/SnapFlex-avcdgpizbreltndcksdvuvkrjyfp/Build/Intermediates.noindex/SnapFlexCore.build/Debug-iphoneos/SnapFlexCore.build/SnapFlexCore.modulemap (in target 'SnapFlexCore' from project 'SnapFlexCore')
    cd /Users/andreamurru/SnapFlexBuild/Core
    builtin-copy -exclude .DS_Store -exclude CVS -exclude .svn -exclude .git -exclude .hg -resolve-src-symlinks /Users/andreamurru/Library/Developer/Xcode/DerivedData/SnapFlex-avcdgpizbreltndcksdvuvkrjyfp/Build/Intermediates.noindex/SnapFlexCore.build/Debug-iphoneos/SnapFlexCore.build/SnapFlexCore.modulemap /Users/andreamurru/Library/Developer/Xcode/DerivedData/SnapFlex-avcdgpizbreltndcksdvuvkrjyfp/Build/Intermediates.noindex/GeneratedModuleMaps-iphoneos

SwiftDriver SnapFlexCore normal arm64 com.apple.xcode.tools.swift.compiler (in target 'SnapFlexCore' from project 'SnapFlexCore')
    cd /Users/andreamurru/SnapFlexBuild/SnapFlex.xcodeproj
    builtin-SwiftDriver -- /Applications/Xcode.app/Contents/Developer/Toolchains/XcodeDefault.xctoolchain/usr/bin/swiftc -module-name SnapFlexCore -Onone @/Users/andreamurru/Library/Developer/Xcode/DerivedData/SnapFlex-avcdgpizbreltndcksdvuvkrjyfp/Build/Intermediates.noindex/SnapFlexCore.build/Debug-iphoneos/SnapFlexCore.build/Objects-normal/arm64/SnapFlexCore.SwiftFileList -DSWIFT_PACKAGE -DDEBUG -DSWIFT_MODULE_RESOURCE_BUNDLE_UNAVAILABLE -DXcode -plugin-path /Applications/Xcode.app/Contents/Developer/Toolchains/XcodeDefault.xctoolchain/usr/lib/swift/host/plugins/testing -enable-experimental-feature DebugDescriptionMacro -sdk /Applications/Xcode.app/Contents/Developer/Platforms/iPhoneOS.platform/Developer/SDKs/iPhoneOS26.5.sdk -target arm64-apple-ios18.0 -g -module-cache-path /Users/andreamurru/Library/Developer/Xcode/DerivedData/ModuleCache.noindex -Xfrontend -serialize-debugging-options -enable-testing -index-store-path /Users/andreamurru/Library/Developer/Xcode/DerivedData/SnapFlex-avcdgpizbreltndcksdvuvkrjyfp/Index.noindex/DataStore -Xcc -D_LIBCPP_HARDENING_MODE\=_LIBCPP_HARDENING_MODE_DEBUG -swift-version 6 -I /Users/andreamurru/Library/Developer/Xcode/DerivedData/SnapFlex-avcdgpizbreltndcksdvuvkrjyfp/Build/Products/Debug-iphoneos -Isystem /Applications/Xcode.app/Contents/Developer/Platforms/iPhoneOS.platform/Developer/usr/lib -F /Users/andreamurru/Library/Developer/Xcode/DerivedData/SnapFlex-avcdgpizbreltndcksdvuvkrjyfp/Build/Products/Debug-iphoneos -F /Applications/Xcode.app/Contents/Developer/Platforms/iPhoneOS.platform/Developer/Library/Frameworks -F /Applications/Xcode.app/Contents/Developer/Platforms/iPhoneOS.platform/Developer/SDKs/iPhoneOS26.5.sdk/Developer/Library/Frameworks -c -j10 -enable-batch-mode -incremental -Xcc -ivfsstatcache -Xcc /Users/andreamurru/Library/Developer/Xcode/DerivedData/SDKStatCaches.noindex/iphoneos26.5-23F73-688ef53f1462e2c8f657fdc38a81448f32daed1954a7d5dd0789fcaf2a9bb78b.sdkstatcache -output-file-map /Users/andreamurru/Library/Developer/Xcode/DerivedData/SnapFlex-avcdgpizbreltndcksdvuvkrjyfp/Build/Intermediates.noindex/SnapFlexCore.build/Debug-iphoneos/SnapFlexCore.build/Objects-normal/arm64/SnapFlexCore-OutputFileMap.json -use-frontend-parseable-output -save-temps -no-color-diagnostics -explicit-module-build -module-cache-path /Users/andreamurru/Library/Developer/Xcode/DerivedData/SnapFlex-avcdgpizbreltndcksdvuvkrjyfp/Build/Intermediates.noindex/SwiftExplicitPrecompiledModules -clang-scanner-module-cache-path /Users/andreamurru/Library/Developer/Xcode/DerivedData/ModuleCache.noindex -sdk-module-cache-path /Users/andreamurru/Library/Developer/Xcode/DerivedData/ModuleCache.noindex -serialize-diagnostics -emit-dependencies -emit-module -emit-module-path /Users/andreamurru/Library/Developer/Xcode/DerivedData/SnapFlex-avcdgpizbreltndcksdvuvkrjyfp/Build/Intermediates.noindex/SnapFlexCore.build/Debug-iphoneos/SnapFlexCore.build/Objects-normal/arm64/SnapFlexCore.swiftmodule -validate-clang-modules-once -clang-build-session-file /Users/andreamurru/Library/Developer/Xcode/DerivedData/ModuleCache.noindex/Session.modulevalidation -package-name core -Xcc -I/Users/andreamurru/Library/Developer/Xcode/DerivedData/SnapFlex-avcdgpizbreltndcksdvuvkrjyfp/Build/Intermediates.noindex/SnapFlexCore.build/Debug-iphoneos/SnapFlexCore.build/swift-overrides.hmap -emit-const-values -Xfrontend -const-gather-protocols-file -Xfrontend /Users/andreamurru/Library/Developer/Xcode/DerivedData/SnapFlex-avcdgpizbreltndcksdvuvkrjyfp/Build/Intermediates.noindex/SnapFlexCore.build/Debug-iphoneos/SnapFlexCore.build/Objects-normal/arm64/SnapFlexCore_const_extract_protocols.json -Xcc -I/Users/andreamurru/Library/Developer/Xcode/DerivedData/SnapFlex-avcdgpizbreltndcksdvuvkrjyfp/Build/Products/Debug-iphoneos/include -Xcc -I/Users/andreamurru/Library/Developer/Xcode/DerivedData/SnapFlex-avcdgpizbreltndcksdvuvkrjyfp/Build/Intermediates.noindex/SnapFlexCore.build/Debug-iphoneos/SnapFlexCore.build/DerivedSources-normal/arm64 -Xcc -I/Users/andreamurru/Library/Developer/Xcode/DerivedData/SnapFlex-avcdgpizbreltndcksdvuvkrjyfp/Build/Intermediates.noindex/SnapFlexCore.build/Debug-iphoneos/SnapFlexCore.build/DerivedSources/arm64 -Xcc -I/Users/andreamurru/Library/Developer/Xcode/DerivedData/SnapFlex-avcdgpizbreltndcksdvuvkrjyfp/Build/Intermediates.noindex/SnapFlexCore.build/Debug-iphoneos/SnapFlexCore.build/DerivedSources -Xcc -DSWIFT_PACKAGE -Xcc -DDEBUG\=1 -emit-objc-header -emit-objc-header-path /Users/andreamurru/Library/Developer/Xcode/DerivedData/SnapFlex-avcdgpizbreltndcksdvuvkrjyfp/Build/Intermediates.noindex/SnapFlexCore.build/Debug-iphoneos/SnapFlexCore.build/Objects-normal/arm64/SnapFlexCore-Swift.h -working-directory /Users/andreamurru/SnapFlexBuild/SnapFlex.xcodeproj -experimental-emit-module-separately -disable-cmo

SwiftCompile normal arm64 Compiling\ ChromeVisibility.swift /Users/andreamurru/SnapFlexBuild/Core/Sources/SnapFlexCore/ChromeVisibility.swift (in target 'SnapFlexCore' from project 'SnapFlexCore')

SwiftCompile normal arm64 /Users/andreamurru/SnapFlexBuild/Core/Sources/SnapFlexCore/ChromeVisibility.swift (in target 'SnapFlexCore' from project 'SnapFlexCore')
    cd /Users/andreamurru/SnapFlexBuild/SnapFlex.xcodeproj
    

SwiftCompile normal arm64 Compiling\ CameraParameters.swift /Users/andreamurru/SnapFlexBuild/Core/Sources/SnapFlexCore/CameraParameters.swift (in target 'SnapFlexCore' from project 'SnapFlexCore')

SwiftCompile normal arm64 /Users/andreamurru/SnapFlexBuild/Core/Sources/SnapFlexCore/CameraParameters.swift (in target 'SnapFlexCore' from project 'SnapFlexCore')
    cd /Users/andreamurru/SnapFlexBuild/SnapFlex.xcodeproj
    

SwiftCompile normal arm64 Compiling\ ProcessingLevel.swift /Users/andreamurru/SnapFlexBuild/Core/Sources/SnapFlexCore/ProcessingLevel.swift (in target 'SnapFlexCore' from project 'SnapFlexCore')

SwiftCompile normal arm64 /Users/andreamurru/SnapFlexBuild/Core/Sources/SnapFlexCore/ProcessingLevel.swift (in target 'SnapFlexCore' from project 'SnapFlexCore')
    cd /Users/andreamurru/SnapFlexBuild/SnapFlex.xcodeproj
    

SwiftCompile normal arm64 Compiling\ LongExposure.swift /Users/andreamurru/SnapFlexBuild/Core/Sources/SnapFlexCore/LongExposure.swift (in target 'SnapFlexCore' from project 'SnapFlexCore')
SwiftCompile normal arm64 /Users/andreamurru/SnapFlexBuild/Core/Sources/SnapFlexCore/LongExposure.swift (in target 'SnapFlexCore' from project 'SnapFlexCore')
    cd /Users/andreamurru/SnapFlexBuild/SnapFlex.xcodeproj
    

SwiftCompile normal arm64 Compiling\ CaptureTimer.swift /Users/andreamurru/SnapFlexBuild/Core/Sources/SnapFlexCore/CaptureTimer.swift (in target 'SnapFlexCore' from project 'SnapFlexCore')

SwiftCompile normal arm64 /Users/andreamurru/SnapFlexBuild/Core/Sources/SnapFlexCore/CaptureTimer.swift (in target 'SnapFlexCore' from project 'SnapFlexCore')
    cd /Users/andreamurru/SnapFlexBuild/SnapFlex.xcodeproj
    

SwiftCompile normal arm64 Compiling\ CaptureRecipe.swift /Users/andreamurru/SnapFlexBuild/Core/Sources/SnapFlexCore/CaptureRecipe.swift (in target 'SnapFlexCore' from project 'SnapFlexCore')

SwiftCompile normal arm64 /Users/andreamurru/SnapFlexBuild/Core/Sources/SnapFlexCore/CaptureRecipe.swift (in target 'SnapFlexCore' from project 'SnapFlexCore')
    cd /Users/andreamurru/SnapFlexBuild/SnapFlex.xcodeproj
    

SwiftCompile normal arm64 Compiling\ Bracketing.swift /Users/andreamurru/SnapFlexBuild/Core/Sources/SnapFlexCore/Bracketing.swift (in target 'SnapFlexCore' from project 'SnapFlexCore')
SwiftCompile normal arm64 /Users/andreamurru/SnapFlexBuild/Core/Sources/SnapFlexCore/Bracketing.swift (in target 'SnapFlexCore' from project 'SnapFlexCore')
    cd /Users/andreamurru/SnapFlexBuild/SnapFlex.xcodeproj
    

SwiftEmitModule normal arm64 Emitting\ module\ for\ SnapFlexCore (in target 'SnapFlexCore' from project 'SnapFlexCore')

EmitSwiftModule normal arm64 (in target 'SnapFlexCore' from project 'SnapFlexCore')
    cd /Users/andreamurru/SnapFlexBuild/SnapFlex.xcodeproj
    

SwiftCompile normal arm64 Compiling\ WhiteBalance.swift /Users/andreamurru/SnapFlexBuild/Core/Sources/SnapFlexCore/WhiteBalance.swift (in target 'SnapFlexCore' from project 'SnapFlexCore')

SwiftCompile normal arm64 /Users/andreamurru/SnapFlexBuild/Core/Sources/SnapFlexCore/WhiteBalance.swift (in target 'SnapFlexCore' from project 'SnapFlexCore')
    cd /Users/andreamurru/SnapFlexBuild/SnapFlex.xcodeproj
    

SwiftDriverJobDiscovery normal arm64 Emitting module for SnapFlexCore (in target 'SnapFlexCore' from project 'SnapFlexCore')

SwiftDriver\ Compilation\ Requirements SnapFlexCore normal arm64 com.apple.xcode.tools.swift.compiler (in target 'SnapFlexCore' from project 'SnapFlexCore')
    cd /Users/andreamurru/SnapFlexBuild/SnapFlex.xcodeproj
    builtin-Swift-Compilation-Requirements -- /Applications/Xcode.app/Contents/Developer/Toolchains/XcodeDefault.xctoolchain/usr/bin/swiftc -module-name SnapFlexCore -Onone @/Users/andreamurru/Library/Developer/Xcode/DerivedData/SnapFlex-avcdgpizbreltndcksdvuvkrjyfp/Build/Intermediates.noindex/SnapFlexCore.build/Debug-iphoneos/SnapFlexCore.build/Objects-normal/arm64/SnapFlexCore.SwiftFileList -DSWIFT_PACKAGE -DDEBUG -DSWIFT_MODULE_RESOURCE_BUNDLE_UNAVAILABLE -DXcode -plugin-path /Applications/Xcode.app/Contents/Developer/Toolchains/XcodeDefault.xctoolchain/usr/lib/swift/host/plugins/testing -enable-experimental-feature DebugDescriptionMacro -sdk /Applications/Xcode.app/Contents/Developer/Platforms/iPhoneOS.platform/Developer/SDKs/iPhoneOS26.5.sdk -target arm64-apple-ios18.0 -g -module-cache-path /Users/andreamurru/Library/Developer/Xcode/DerivedData/ModuleCache.noindex -Xfrontend -serialize-debugging-options -enable-testing -index-store-path /Users/andreamurru/Library/Developer/Xcode/DerivedData/SnapFlex-avcdgpizbreltndcksdvuvkrjyfp/Index.noindex/DataStore -Xcc -D_LIBCPP_HARDENING_MODE\=_LIBCPP_HARDENING_MODE_DEBUG -swift-version 6 -I /Users/andreamurru/Library/Developer/Xcode/DerivedData/SnapFlex-avcdgpizbreltndcksdvuvkrjyfp/Build/Products/Debug-iphoneos -Isystem /Applications/Xcode.app/Contents/Developer/Platforms/iPhoneOS.platform/Developer/usr/lib -F /Users/andreamurru/Library/Developer/Xcode/DerivedData/SnapFlex-avcdgpizbreltndcksdvuvkrjyfp/Build/Products/Debug-iphoneos -F /Applications/Xcode.app/Contents/Developer/Platforms/iPhoneOS.platform/Developer/Library/Frameworks -F /Applications/Xcode.app/Contents/Developer/Platforms/iPhoneOS.platform/Developer/SDKs/iPhoneOS26.5.sdk/Developer/Library/Frameworks -c -j10 -enable-batch-mode -incremental -Xcc -ivfsstatcache -Xcc /Users/andreamurru/Library/Developer/Xcode/DerivedData/SDKStatCaches.noindex/iphoneos26.5-23F73-688ef53f1462e2c8f657fdc38a81448f32daed1954a7d5dd0789fcaf2a9bb78b.sdkstatcache -output-file-map /Users/andreamurru/Library/Developer/Xcode/DerivedData/SnapFlex-avcdgpizbreltndcksdvuvkrjyfp/Build/Intermediates.noindex/SnapFlexCore.build/Debug-iphoneos/SnapFlexCore.build/Objects-normal/arm64/SnapFlexCore-OutputFileMap.json -use-frontend-parseable-output -save-temps -no-color-diagnostics -explicit-module-build -module-cache-path /Users/andreamurru/Library/Developer/Xcode/DerivedData/SnapFlex-avcdgpizbreltndcksdvuvkrjyfp/Build/Intermediates.noindex/SwiftExplicitPrecompiledModules -clang-scanner-module-cache-path /Users/andreamurru/Library/Developer/Xcode/DerivedData/ModuleCache.noindex -sdk-module-cache-path /Users/andreamurru/Library/Developer/Xcode/DerivedData/ModuleCache.noindex -serialize-diagnostics -emit-dependencies -emit-module -emit-module-path /Users/andreamurru/Library/Developer/Xcode/DerivedData/SnapFlex-avcdgpizbreltndcksdvuvkrjyfp/Build/Intermediates.noindex/SnapFlexCore.build/Debug-iphoneos/SnapFlexCore.build/Objects-normal/arm64/SnapFlexCore.swiftmodule -validate-clang-modules-once -clang-build-session-file /Users/andreamurru/Library/Developer/Xcode/DerivedData/ModuleCache.noindex/Session.modulevalidation -package-name core -Xcc -I/Users/andreamurru/Library/Developer/Xcode/DerivedData/SnapFlex-avcdgpizbreltndcksdvuvkrjyfp/Build/Intermediates.noindex/SnapFlexCore.build/Debug-iphoneos/SnapFlexCore.build/swift-overrides.hmap -emit-const-values -Xfrontend -const-gather-protocols-file -Xfrontend /Users/andreamurru/Library/Developer/Xcode/DerivedData/SnapFlex-avcdgpizbreltndcksdvuvkrjyfp/Build/Intermediates.noindex/SnapFlexCore.build/Debug-iphoneos/SnapFlexCore.build/Objects-normal/arm64/SnapFlexCore_const_extract_protocols.json -Xcc -I/Users/andreamurru/Library/Developer/Xcode/DerivedData/SnapFlex-avcdgpizbreltndcksdvuvkrjyfp/Build/Products/Debug-iphoneos/include -Xcc -I/Users/andreamurru/Library/Developer/Xcode/DerivedData/SnapFlex-avcdgpizbreltndcksdvuvkrjyfp/Build/Intermediates.noindex/SnapFlexCore.build/Debug-iphoneos/SnapFlexCore.build/DerivedSources-normal/arm64 -Xcc -I/Users/andreamurru/Library/Developer/Xcode/DerivedData/SnapFlex-avcdgpizbreltndcksdvuvkrjyfp/Build/Intermediates.noindex/SnapFlexCore.build/Debug-iphoneos/SnapFlexCore.build/DerivedSources/arm64 -Xcc -I/Users/andreamurru/Library/Developer/Xcode/DerivedData/SnapFlex-avcdgpizbreltndcksdvuvkrjyfp/Build/Intermediates.noindex/SnapFlexCore.build/Debug-iphoneos/SnapFlexCore.build/DerivedSources -Xcc -DSWIFT_PACKAGE -Xcc -DDEBUG\=1 -emit-objc-header -emit-objc-header-path /Users/andreamurru/Library/Developer/Xcode/DerivedData/SnapFlex-avcdgpizbreltndcksdvuvkrjyfp/Build/Intermediates.noindex/SnapFlexCore.build/Debug-iphoneos/SnapFlexCore.build/Objects-normal/arm64/SnapFlexCore-Swift.h -working-directory /Users/andreamurru/SnapFlexBuild/SnapFlex.xcodeproj -experimental-emit-module-separately -disable-cmo

SwiftMergeGeneratedHeaders /Users/andreamurru/Library/Developer/Xcode/DerivedData/SnapFlex-avcdgpizbreltndcksdvuvkrjyfp/Build/Intermediates.noindex/GeneratedModuleMaps-iphoneos/SnapFlexCore-Swift.h /Users/andreamurru/Library/Developer/Xcode/DerivedData/SnapFlex-avcdgpizbreltndcksdvuvkrjyfp/Build/Intermediates.noindex/SnapFlexCore.build/Debug-iphoneos/SnapFlexCore.build/Objects-normal/arm64/SnapFlexCore-Swift.h (in target 'SnapFlexCore' from project 'SnapFlexCore')
    cd /Users/andreamurru/SnapFlexBuild/Core
    builtin-swiftHeaderTool -arch arm64 /Users/andreamurru/Library/Developer/Xcode/DerivedData/SnapFlex-avcdgpizbreltndcksdvuvkrjyfp/Build/Intermediates.noindex/SnapFlexCore.build/Debug-iphoneos/SnapFlexCore.build/Objects-normal/arm64/SnapFlexCore-Swift.h -o /Users/andreamurru/Library/Developer/Xcode/DerivedData/SnapFlex-avcdgpizbreltndcksdvuvkrjyfp/Build/Intermediates.noindex/GeneratedModuleMaps-iphoneos/SnapFlexCore-Swift.h

Copy /Users/andreamurru/Library/Developer/Xcode/DerivedData/SnapFlex-avcdgpizbreltndcksdvuvkrjyfp/Build/Products/Debug-iphoneos/SnapFlexCore.swiftmodule/arm64-apple-ios.swiftmodule /Users/andreamurru/Library/Developer/Xcode/DerivedData/SnapFlex-avcdgpizbreltndcksdvuvkrjyfp/Build/Intermediates.noindex/SnapFlexCore.build/Debug-iphoneos/SnapFlexCore.build/Objects-normal/arm64/SnapFlexCore.swiftmodule (in target 'SnapFlexCore' from project 'SnapFlexCore')
    cd /Users/andreamurru/SnapFlexBuild/Core
    builtin-copy -exclude .DS_Store -exclude CVS -exclude .svn -exclude .git -exclude .hg -resolve-src-symlinks -rename /Users/andreamurru/Library/Developer/Xcode/DerivedData/SnapFlex-avcdgpizbreltndcksdvuvkrjyfp/Build/Intermediates.noindex/SnapFlexCore.build/Debug-iphoneos/SnapFlexCore.build/Objects-normal/arm64/SnapFlexCore.swiftmodule /Users/andreamurru/Library/Developer/Xcode/DerivedData/SnapFlex-avcdgpizbreltndcksdvuvkrjyfp/Build/Products/Debug-iphoneos/SnapFlexCore.swiftmodule/arm64-apple-ios.swiftmodule

Copy /Users/andreamurru/Library/Developer/Xcode/DerivedData/SnapFlex-avcdgpizbreltndcksdvuvkrjyfp/Build/Products/Debug-iphoneos/SnapFlexCore.swiftmodule/arm64-apple-ios.swiftdoc /Users/andreamurru/Library/Developer/Xcode/DerivedData/SnapFlex-avcdgpizbreltndcksdvuvkrjyfp/Build/Intermediates.noindex/SnapFlexCore.build/Debug-iphoneos/SnapFlexCore.build/Objects-normal/arm64/SnapFlexCore.swiftdoc (in target 'SnapFlexCore' from project 'SnapFlexCore')
    cd /Users/andreamurru/SnapFlexBuild/Core
    builtin-copy -exclude .DS_Store -exclude CVS -exclude .svn -exclude .git -exclude .hg -resolve-src-symlinks -rename /Users/andreamurru/Library/Developer/Xcode/DerivedData/SnapFlex-avcdgpizbreltndcksdvuvkrjyfp/Build/Intermediates.noindex/SnapFlexCore.build/Debug-iphoneos/SnapFlexCore.build/Objects-normal/arm64/SnapFlexCore.swiftdoc /Users/andreamurru/Library/Developer/Xcode/DerivedData/SnapFlex-avcdgpizbreltndcksdvuvkrjyfp/Build/Products/Debug-iphoneos/SnapFlexCore.swiftmodule/arm64-apple-ios.swiftdoc

Copy /Users/andreamurru/Library/Developer/Xcode/DerivedData/SnapFlex-avcdgpizbreltndcksdvuvkrjyfp/Build/Products/Debug-iphoneos/SnapFlexCore.swiftmodule/arm64-apple-ios.abi.json /Users/andreamurru/Library/Developer/Xcode/DerivedData/SnapFlex-avcdgpizbreltndcksdvuvkrjyfp/Build/Intermediates.noindex/SnapFlexCore.build/Debug-iphoneos/SnapFlexCore.build/Objects-normal/arm64/SnapFlexCore.abi.json (in target 'SnapFlexCore' from project 'SnapFlexCore')
    cd /Users/andreamurru/SnapFlexBuild/Core
    builtin-copy -exclude .DS_Store -exclude CVS -exclude .svn -exclude .git -exclude .hg -resolve-src-symlinks -rename /Users/andreamurru/Library/Developer/Xcode/DerivedData/SnapFlex-avcdgpizbreltndcksdvuvkrjyfp/Build/Intermediates.noindex/SnapFlexCore.build/Debug-iphoneos/SnapFlexCore.build/Objects-normal/arm64/SnapFlexCore.abi.json /Users/andreamurru/Library/Developer/Xcode/DerivedData/SnapFlex-avcdgpizbreltndcksdvuvkrjyfp/Build/Products/Debug-iphoneos/SnapFlexCore.swiftmodule/arm64-apple-ios.abi.json

Copy /Users/andreamurru/Library/Developer/Xcode/DerivedData/SnapFlex-avcdgpizbreltndcksdvuvkrjyfp/Build/Products/Debug-iphoneos/SnapFlexCore.swiftmodule/Project/arm64-apple-ios.swiftsourceinfo /Users/andreamurru/Library/Developer/Xcode/DerivedData/SnapFlex-avcdgpizbreltndcksdvuvkrjyfp/Build/Intermediates.noindex/SnapFlexCore.build/Debug-iphoneos/SnapFlexCore.build/Objects-normal/arm64/SnapFlexCore.swiftsourceinfo (in target 'SnapFlexCore' from project 'SnapFlexCore')
    cd /Users/andreamurru/SnapFlexBuild/Core
    builtin-copy -exclude .DS_Store -exclude CVS -exclude .svn -exclude .git -exclude .hg -resolve-src-symlinks -rename /Users/andreamurru/Library/Developer/Xcode/DerivedData/SnapFlex-avcdgpizbreltndcksdvuvkrjyfp/Build/Intermediates.noindex/SnapFlexCore.build/Debug-iphoneos/SnapFlexCore.build/Objects-normal/arm64/SnapFlexCore.swiftsourceinfo /Users/andreamurru/Library/Developer/Xcode/DerivedData/SnapFlex-avcdgpizbreltndcksdvuvkrjyfp/Build/Products/Debug-iphoneos/SnapFlexCore.swiftmodule/Project/arm64-apple-ios.swiftsourceinfo

ProcessProductPackaging "" /Users/andreamurru/Library/Developer/Xcode/DerivedData/SnapFlex-avcdgpizbreltndcksdvuvkrjyfp/Build/Intermediates.noindex/SnapFlex.build/Debug-iphoneos/SnapFlex.build/SnapFlex.app.xcent (in target 'SnapFlex' from project 'SnapFlex')
    cd /Users/andreamurru/SnapFlexBuild
    
    Entitlements:
    
    {
    "application-identifier" = "RA4VQQK3U6.co.SnapFlex";
    "com.apple.developer.team-identifier" = RA4VQQK3U6;
    "get-task-allow" = 1;
}
    
    builtin-productPackagingUtility -entitlements -format xml -o /Users/andreamurru/Library/Developer/Xcode/DerivedData/SnapFlex-avcdgpizbreltndcksdvuvkrjyfp/Build/Intermediates.noindex/SnapFlex.build/Debug-iphoneos/SnapFlex.build/SnapFlex.app.xcent

ProcessProductPackaging /Users/andreamurru/Library/Developer/Xcode/UserData/Provisioning\ Profiles/938bfba4-8860-4c62-b56d-57ddd4998ce6.mobileprovision /Users/andreamurru/Library/Developer/Xcode/DerivedData/SnapFlex-avcdgpizbreltndcksdvuvkrjyfp/Build/Products/Debug-iphoneos/SnapFlex.app/embedded.mobileprovision (in target 'SnapFlex' from project 'SnapFlex')
    cd /Users/andreamurru/SnapFlexBuild
    builtin-productPackagingUtility /Users/andreamurru/Library/Developer/Xcode/UserData/Provisioning\ Profiles/938bfba4-8860-4c62-b56d-57ddd4998ce6.mobileprovision -o /Users/andreamurru/Library/Developer/Xcode/DerivedData/SnapFlex-avcdgpizbreltndcksdvuvkrjyfp/Build/Products/Debug-iphoneos/SnapFlex.app/embedded.mobileprovision

ProcessProductPackagingDER /Users/andreamurru/Library/Developer/Xcode/DerivedData/SnapFlex-avcdgpizbreltndcksdvuvkrjyfp/Build/Intermediates.noindex/SnapFlex.build/Debug-iphoneos/SnapFlex.build/SnapFlex.app.xcent /Users/andreamurru/Library/Developer/Xcode/DerivedData/SnapFlex-avcdgpizbreltndcksdvuvkrjyfp/Build/Intermediates.noindex/SnapFlex.build/Debug-iphoneos/SnapFlex.build/SnapFlex.app.xcent.der (in target 'SnapFlex' from project 'SnapFlex')
    cd /Users/andreamurru/SnapFlexBuild
    /usr/bin/derq query -f xml -i /Users/andreamurru/Library/Developer/Xcode/DerivedData/SnapFlex-avcdgpizbreltndcksdvuvkrjyfp/Build/Intermediates.noindex/SnapFlex.build/Debug-iphoneos/SnapFlex.build/SnapFlex.app.xcent -o /Users/andreamurru/Library/Developer/Xcode/DerivedData/SnapFlex-avcdgpizbreltndcksdvuvkrjyfp/Build/Intermediates.noindex/SnapFlex.build/Debug-iphoneos/SnapFlex.build/SnapFlex.app.xcent.der --raw

MkDir /Users/andreamurru/Library/Developer/Xcode/DerivedData/SnapFlex-avcdgpizbreltndcksdvuvkrjyfp/Build/Intermediates.noindex/SnapFlex.build/Debug-iphoneos/SnapFlex.build/assetcatalog_output/thinned (in target 'SnapFlex' from project 'SnapFlex')
    cd /Users/andreamurru/SnapFlexBuild
    /bin/mkdir -p /Users/andreamurru/Library/Developer/Xcode/DerivedData/SnapFlex-avcdgpizbreltndcksdvuvkrjyfp/Build/Intermediates.noindex/SnapFlex.build/Debug-iphoneos/SnapFlex.build/assetcatalog_output/thinned

MkDir /Users/andreamurru/Library/Developer/Xcode/DerivedData/SnapFlex-avcdgpizbreltndcksdvuvkrjyfp/Build/Intermediates.noindex/SnapFlex.build/Debug-iphoneos/SnapFlex.build/assetcatalog_output/unthinned (in target 'SnapFlex' from project 'SnapFlex')
    cd /Users/andreamurru/SnapFlexBuild
    /bin/mkdir -p /Users/andreamurru/Library/Developer/Xcode/DerivedData/SnapFlex-avcdgpizbreltndcksdvuvkrjyfp/Build/Intermediates.noindex/SnapFlex.build/Debug-iphoneos/SnapFlex.build/assetcatalog_output/unthinned

GenerateAssetSymbols /Users/andreamurru/SnapFlexBuild/App/Assets.xcassets (in target 'SnapFlex' from project 'SnapFlex')
    cd /Users/andreamurru/SnapFlexBuild
    /Applications/Xcode.app/Contents/Developer/usr/bin/actool /Users/andreamurru/SnapFlexBuild/App/Assets.xcassets --compile /Users/andreamurru/Library/Developer/Xcode/DerivedData/SnapFlex-avcdgpizbreltndcksdvuvkrjyfp/Build/Products/Debug-iphoneos/SnapFlex.app --output-format human-readable-text --notices --warnings --export-dependency-info /Users/andreamurru/Library/Developer/Xcode/DerivedData/SnapFlex-avcdgpizbreltndcksdvuvkrjyfp/Build/Intermediates.noindex/SnapFlex.build/Debug-iphoneos/SnapFlex.build/assetcatalog_dependencies --output-partial-info-plist /Users/andreamurru/Library/Developer/Xcode/DerivedData/SnapFlex-avcdgpizbreltndcksdvuvkrjyfp/Build/Intermediates.noindex/SnapFlex.build/Debug-iphoneos/SnapFlex.build/assetcatalog_generated_info.plist --app-icon AppIcon --compress-pngs --enable-on-demand-resources YES --development-region en --target-device iphone --minimum-deployment-target 18.0 --platform iphoneos --bundle-identifier co.SnapFlex --generate-swift-asset-symbol-extensions NO --generate-swift-asset-symbols /Users/andreamurru/Library/Developer/Xcode/DerivedData/SnapFlex-avcdgpizbreltndcksdvuvkrjyfp/Build/Intermediates.noindex/SnapFlex.build/Debug-iphoneos/SnapFlex.build/DerivedSources/GeneratedAssetSymbols.swift --generate-objc-asset-symbols /Users/andreamurru/Library/Developer/Xcode/DerivedData/SnapFlex-avcdgpizbreltndcksdvuvkrjyfp/Build/Intermediates.noindex/SnapFlex.build/Debug-iphoneos/SnapFlex.build/DerivedSources/GeneratedAssetSymbols.h --generate-asset-symbol-index /Users/andreamurru/Library/Developer/Xcode/DerivedData/SnapFlex-avcdgpizbreltndcksdvuvkrjyfp/Build/Intermediates.noindex/SnapFlex.build/Debug-iphoneos/SnapFlex.build/DerivedSources/GeneratedAssetSymbols-Index.plist
/* com.apple.actool.compilation-results */
/Users/andreamurru/Library/Developer/Xcode/DerivedData/SnapFlex-avcdgpizbreltndcksdvuvkrjyfp/Build/Intermediates.noindex/SnapFlex.build/Debug-iphoneos/SnapFlex.build/DerivedSources/GeneratedAssetSymbols-Index.plist
/Users/andreamurru/Library/Developer/Xcode/DerivedData/SnapFlex-avcdgpizbreltndcksdvuvkrjyfp/Build/Intermediates.noindex/SnapFlex.build/Debug-iphoneos/SnapFlex.build/DerivedSources/GeneratedAssetSymbols.h
/Users/andreamurru/Library/Developer/Xcode/DerivedData/SnapFlex-avcdgpizbreltndcksdvuvkrjyfp/Build/Intermediates.noindex/SnapFlex.build/Debug-iphoneos/SnapFlex.build/DerivedSources/GeneratedAssetSymbols.swift


CompileMetalFile /Users/andreamurru/SnapFlexBuild/Overlay/Shaders.metal (in target 'SnapFlex' from project 'SnapFlex')
    cd /Users/andreamurru/SnapFlexBuild
    /var/run/com.apple.security.cryptexd/mnt/com.apple.MobileAsset.MetalToolchain-v17.6.42.0.flgQIa/Metal.xctoolchain/usr/bin/metal -c -target air64-apple-ios18.0 -gline-tables-only -frecord-sources -I/Users/andreamurru/Library/Developer/Xcode/DerivedData/SnapFlex-avcdgpizbreltndcksdvuvkrjyfp/Build/Products/Debug-iphoneos/include -F/Users/andreamurru/Library/Developer/Xcode/DerivedData/SnapFlex-avcdgpizbreltndcksdvuvkrjyfp/Build/Products/Debug-iphoneos -isysroot /Applications/Xcode.app/Contents/Developer/Platforms/iPhoneOS.platform/Developer/SDKs/iPhoneOS26.5.sdk -fmetal-math-mode\=fast -fmetal-math-fp32-functions\=fast -serialize-diagnostics /Users/andreamurru/Library/Developer/Xcode/DerivedData/SnapFlex-avcdgpizbreltndcksdvuvkrjyfp/Build/Intermediates.noindex/SnapFlex.build/Debug-iphoneos/SnapFlex.build/Metal/Shaders.dia -o /Users/andreamurru/Library/Developer/Xcode/DerivedData/SnapFlex-avcdgpizbreltndcksdvuvkrjyfp/Build/Intermediates.noindex/SnapFlex.build/Debug-iphoneos/SnapFlex.build/Metal/Shaders.air -index-store-path /Users/andreamurru/Library/Developer/Xcode/DerivedData/SnapFlex-avcdgpizbreltndcksdvuvkrjyfp/Index.noindex/DataStore -MMD -MT dependencies -MF /Users/andreamurru/Library/Developer/Xcode/DerivedData/SnapFlex-avcdgpizbreltndcksdvuvkrjyfp/Build/Intermediates.noindex/SnapFlex.build/Debug-iphoneos/SnapFlex.build/Metal/Shaders.dat /Users/andreamurru/SnapFlexBuild/Overlay/Shaders.metal

CompileMetalFile /Users/andreamurru/SnapFlexBuild/LongExposure/LongExposureShaders.metal (in target 'SnapFlex' from project 'SnapFlex')
    cd /Users/andreamurru/SnapFlexBuild
    /var/run/com.apple.security.cryptexd/mnt/com.apple.MobileAsset.MetalToolchain-v17.6.42.0.flgQIa/Metal.xctoolchain/usr/bin/metal -c -target air64-apple-ios18.0 -gline-tables-only -frecord-sources -I/Users/andreamurru/Library/Developer/Xcode/DerivedData/SnapFlex-avcdgpizbreltndcksdvuvkrjyfp/Build/Products/Debug-iphoneos/include -F/Users/andreamurru/Library/Developer/Xcode/DerivedData/SnapFlex-avcdgpizbreltndcksdvuvkrjyfp/Build/Products/Debug-iphoneos -isysroot /Applications/Xcode.app/Contents/Developer/Platforms/iPhoneOS.platform/Developer/SDKs/iPhoneOS26.5.sdk -fmetal-math-mode\=fast -fmetal-math-fp32-functions\=fast -serialize-diagnostics /Users/andreamurru/Library/Developer/Xcode/DerivedData/SnapFlex-avcdgpizbreltndcksdvuvkrjyfp/Build/Intermediates.noindex/SnapFlex.build/Debug-iphoneos/SnapFlex.build/Metal/LongExposureShaders.dia -o /Users/andreamurru/Library/Developer/Xcode/DerivedData/SnapFlex-avcdgpizbreltndcksdvuvkrjyfp/Build/Intermediates.noindex/SnapFlex.build/Debug-iphoneos/SnapFlex.build/Metal/LongExposureShaders.air -index-store-path /Users/andreamurru/Library/Developer/Xcode/DerivedData/SnapFlex-avcdgpizbreltndcksdvuvkrjyfp/Index.noindex/DataStore -MMD -MT dependencies -MF /Users/andreamurru/Library/Developer/Xcode/DerivedData/SnapFlex-avcdgpizbreltndcksdvuvkrjyfp/Build/Intermediates.noindex/SnapFlex.build/Debug-iphoneos/SnapFlex.build/Metal/LongExposureShaders.dat /Users/andreamurru/SnapFlexBuild/LongExposure/LongExposureShaders.metal

CompileAssetCatalogVariant thinned /Users/andreamurru/Library/Developer/Xcode/DerivedData/SnapFlex-avcdgpizbreltndcksdvuvkrjyfp/Build/Products/Debug-iphoneos/SnapFlex.app /Users/andreamurru/SnapFlexBuild/App/Assets.xcassets (in target 'SnapFlex' from project 'SnapFlex')
    cd /Users/andreamurru/SnapFlexBuild
    /Applications/Xcode.app/Contents/Developer/usr/bin/actool /Users/andreamurru/SnapFlexBuild/App/Assets.xcassets --compile /Users/andreamurru/Library/Developer/Xcode/DerivedData/SnapFlex-avcdgpizbreltndcksdvuvkrjyfp/Build/Intermediates.noindex/SnapFlex.build/Debug-iphoneos/SnapFlex.build/assetcatalog_output/thinned --output-format human-readable-text --notices --warnings --export-dependency-info /Users/andreamurru/Library/Developer/Xcode/DerivedData/SnapFlex-avcdgpizbreltndcksdvuvkrjyfp/Build/Intermediates.noindex/SnapFlex.build/Debug-iphoneos/SnapFlex.build/assetcatalog_dependencies_thinned --output-partial-info-plist /Users/andreamurru/Library/Developer/Xcode/DerivedData/SnapFlex-avcdgpizbreltndcksdvuvkrjyfp/Build/Intermediates.noindex/SnapFlex.build/Debug-iphoneos/SnapFlex.build/assetcatalog_generated_info.plist_thinned --app-icon AppIcon --compress-pngs --enable-on-demand-resources YES --filter-for-thinning-device-configuration iPhone18,1 --filter-for-device-os-version 26.5.2 --development-region en --target-device iphone --minimum-deployment-target 18.0 --platform iphoneos
/* com.apple.actool.compilation-results */
/Users/andreamurru/Library/Developer/Xcode/DerivedData/SnapFlex-avcdgpizbreltndcksdvuvkrjyfp/Build/Intermediates.noindex/SnapFlex.build/Debug-iphoneos/SnapFlex.build/assetcatalog_generated_info.plist_thinned
/Users/andreamurru/Library/Developer/Xcode/DerivedData/SnapFlex-avcdgpizbreltndcksdvuvkrjyfp/Build/Intermediates.noindex/SnapFlex.build/Debug-iphoneos/SnapFlex.build/assetcatalog_output/thinned/AppIcon60x60@2x.png
/Users/andreamurru/Library/Developer/Xcode/DerivedData/SnapFlex-avcdgpizbreltndcksdvuvkrjyfp/Build/Intermediates.noindex/SnapFlex.build/Debug-iphoneos/SnapFlex.build/assetcatalog_output/thinned/AppIcon76x76@2x~ipad.png
/Users/andreamurru/Library/Developer/Xcode/DerivedData/SnapFlex-avcdgpizbreltndcksdvuvkrjyfp/Build/Intermediates.noindex/SnapFlex.build/Debug-iphoneos/SnapFlex.build/assetcatalog_output/thinned/Assets.car


SwiftDriverJobDiscovery normal arm64 Compiling ProcessingLevel.swift (in target 'SnapFlexCore' from project 'SnapFlexCore')

SwiftDriverJobDiscovery normal arm64 Compiling WhiteBalance.swift (in target 'SnapFlexCore' from project 'SnapFlexCore')

SwiftDriver SnapFlex normal arm64 com.apple.xcode.tools.swift.compiler (in target 'SnapFlex' from project 'SnapFlex')
    cd /Users/andreamurru/SnapFlexBuild
    builtin-SwiftDriver -- /Applications/Xcode.app/Contents/Developer/Toolchains/XcodeDefault.xctoolchain/usr/bin/swiftc -module-name SnapFlex -Onone @/Users/andreamurru/Library/Developer/Xcode/DerivedData/SnapFlex-avcdgpizbreltndcksdvuvkrjyfp/Build/Intermediates.noindex/SnapFlex.build/Debug-iphoneos/SnapFlex.build/Objects-normal/arm64/SnapFlex.SwiftFileList -DDEBUG -enable-bare-slash-regex -enable-experimental-feature DebugDescriptionMacro -sdk /Applications/Xcode.app/Contents/Developer/Platforms/iPhoneOS.platform/Developer/SDKs/iPhoneOS26.5.sdk -target arm64-apple-ios18.0 -g -module-cache-path /Users/andreamurru/Library/Developer/Xcode/DerivedData/ModuleCache.noindex -Xfrontend -serialize-debugging-options -enable-testing -index-store-path /Users/andreamurru/Library/Developer/Xcode/DerivedData/SnapFlex-avcdgpizbreltndcksdvuvkrjyfp/Index.noindex/DataStore -Xcc -D_LIBCPP_HARDENING_MODE\=_LIBCPP_HARDENING_MODE_DEBUG -swift-version 5 -I /Users/andreamurru/Library/Developer/Xcode/DerivedData/SnapFlex-avcdgpizbreltndcksdvuvkrjyfp/Build/Products/Debug-iphoneos -F /Users/andreamurru/Library/Developer/Xcode/DerivedData/SnapFlex-avcdgpizbreltndcksdvuvkrjyfp/Build/Products/Debug-iphoneos/PackageFrameworks -F /Users/andreamurru/Library/Developer/Xcode/DerivedData/SnapFlex-avcdgpizbreltndcksdvuvkrjyfp/Build/Products/Debug-iphoneos -c -j10 -enable-batch-mode -incremental -Xcc -ivfsstatcache -Xcc /Users/andreamurru/Library/Developer/Xcode/DerivedData/SDKStatCaches.noindex/iphoneos26.5-23F73-688ef53f1462e2c8f657fdc38a81448f32daed1954a7d5dd0789fcaf2a9bb78b.sdkstatcache -output-file-map /Users/andreamurru/Library/Developer/Xcode/DerivedData/SnapFlex-avcdgpizbreltndcksdvuvkrjyfp/Build/Intermediates.noindex/SnapFlex.build/Debug-iphoneos/SnapFlex.build/Objects-normal/arm64/SnapFlex-OutputFileMap.json -use-frontend-parseable-output -save-temps -no-color-diagnostics -explicit-module-build -module-cache-path /Users/andreamurru/Library/Developer/Xcode/DerivedData/SnapFlex-avcdgpizbreltndcksdvuvkrjyfp/Build/Intermediates.noindex/SwiftExplicitPrecompiledModules -clang-scanner-module-cache-path /Users/andreamurru/Library/Developer/Xcode/DerivedData/ModuleCache.noindex -sdk-module-cache-path /Users/andreamurru/Library/Developer/Xcode/DerivedData/ModuleCache.noindex -serialize-diagnostics -emit-dependencies -emit-module -emit-module-path /Users/andreamurru/Library/Developer/Xcode/DerivedData/SnapFlex-avcdgpizbreltndcksdvuvkrjyfp/Build/Intermediates.noindex/SnapFlex.build/Debug-iphoneos/SnapFlex.build/Objects-normal/arm64/SnapFlex.swiftmodule -validate-clang-modules-once -clang-build-session-file /Users/andreamurru/Library/Developer/Xcode/DerivedData/ModuleCache.noindex/Session.modulevalidation -Xcc -I/Users/andreamurru/Library/Developer/Xcode/DerivedData/SnapFlex-avcdgpizbreltndcksdvuvkrjyfp/Build/Intermediates.noindex/SnapFlex.build/Debug-iphoneos/SnapFlex.build/swift-overrides.hmap -emit-const-values -Xfrontend -const-gather-protocols-file -Xfrontend /Users/andreamurru/Library/Developer/Xcode/DerivedData/SnapFlex-avcdgpizbreltndcksdvuvkrjyfp/Build/Intermediates.noindex/SnapFlex.build/Debug-iphoneos/SnapFlex.build/Objects-normal/arm64/SnapFlex_const_extract_protocols.json -Xcc -iquote -Xcc /Users/andreamurru/Library/Developer/Xcode/DerivedData/SnapFlex-avcdgpizbreltndcksdvuvkrjyfp/Build/Intermediates.noindex/SnapFlex.build/Debug-iphoneos/SnapFlex.build/SnapFlex-generated-files.hmap -Xcc -I/Users/andreamurru/Library/Developer/Xcode/DerivedData/SnapFlex-avcdgpizbreltndcksdvuvkrjyfp/Build/Intermediates.noindex/SnapFlex.build/Debug-iphoneos/SnapFlex.build/SnapFlex-own-target-headers.hmap -Xcc -I/Users/andreamurru/Library/Developer/Xcode/DerivedData/SnapFlex-avcdgpizbreltndcksdvuvkrjyfp/Build/Intermediates.noindex/SnapFlex.build/Debug-iphoneos/SnapFlex.build/SnapFlex-all-non-framework-target-headers.hmap -Xcc -ivfsoverlay -Xcc /Users/andreamurru/Library/Developer/Xcode/DerivedData/SnapFlex-avcdgpizbreltndcksdvuvkrjyfp/Build/Intermediates.noindex/SnapFlex.build/Debug-iphoneos/SnapFlex-0deaf04b0ddd94b0ab39d2d00cf13a33-VFS-iphoneos/all-product-headers.yaml -Xcc -iquote -Xcc /Users/andreamurru/Library/Developer/Xcode/DerivedData/SnapFlex-avcdgpizbreltndcksdvuvkrjyfp/Build/Intermediates.noindex/SnapFlex.build/Debug-iphoneos/SnapFlex.build/SnapFlex-project-headers.hmap -Xcc -I/Users/andreamurru/Library/Developer/Xcode/DerivedData/SnapFlex-avcdgpizbreltndcksdvuvkrjyfp/Build/Products/Debug-iphoneos/include -Xcc -I/Users/andreamurru/Library/Developer/Xcode/DerivedData/SnapFlex-avcdgpizbreltndcksdvuvkrjyfp/Build/Intermediates.noindex/SnapFlex.build/Debug-iphoneos/SnapFlex.build/DerivedSources-normal/arm64 -Xcc -I/Users/andreamurru/Library/Developer/Xcode/DerivedData/SnapFlex-avcdgpizbreltndcksdvuvkrjyfp/Build/Intermediates.noindex/SnapFlex.build/Debug-iphoneos/SnapFlex.build/DerivedSources/arm64 -Xcc -I/Users/andreamurru/Library/Developer/Xcode/DerivedData/SnapFlex-avcdgpizbreltndcksdvuvkrjyfp/Build/Intermediates.noindex/SnapFlex.build/Debug-iphoneos/SnapFlex.build/DerivedSources -Xcc -DDEBUG\=1 -emit-objc-header -emit-objc-header-path /Users/andreamurru/Library/Developer/Xcode/DerivedData/SnapFlex-avcdgpizbreltndcksdvuvkrjyfp/Build/Intermediates.noindex/SnapFlex.build/Debug-iphoneos/SnapFlex.build/Objects-normal/arm64/SnapFlex-Swift.h -working-directory /Users/andreamurru/SnapFlexBuild -experimental-emit-module-separately -disable-cmo

SwiftDriverJobDiscovery normal arm64 Compiling CaptureTimer.swift (in target 'SnapFlexCore' from project 'SnapFlexCore')

SwiftDriverJobDiscovery normal arm64 Compiling CameraParameters.swift (in target 'SnapFlexCore' from project 'SnapFlexCore')

SwiftDriverJobDiscovery normal arm64 Compiling CaptureRecipe.swift (in target 'SnapFlexCore' from project 'SnapFlexCore')

SwiftDriverJobDiscovery normal arm64 Compiling ChromeVisibility.swift (in target 'SnapFlexCore' from project 'SnapFlexCore')

SwiftDriverJobDiscovery normal arm64 Compiling LongExposure.swift (in target 'SnapFlexCore' from project 'SnapFlexCore')

SwiftDriverJobDiscovery normal arm64 Compiling Bracketing.swift (in target 'SnapFlexCore' from project 'SnapFlexCore')

SwiftDriver\ Compilation SnapFlexCore normal arm64 com.apple.xcode.tools.swift.compiler (in target 'SnapFlexCore' from project 'SnapFlexCore')
    cd /Users/andreamurru/SnapFlexBuild/SnapFlex.xcodeproj
    builtin-Swift-Compilation -- /Applications/Xcode.app/Contents/Developer/Toolchains/XcodeDefault.xctoolchain/usr/bin/swiftc -module-name SnapFlexCore -Onone @/Users/andreamurru/Library/Developer/Xcode/DerivedData/SnapFlex-avcdgpizbreltndcksdvuvkrjyfp/Build/Intermediates.noindex/SnapFlexCore.build/Debug-iphoneos/SnapFlexCore.build/Objects-normal/arm64/SnapFlexCore.SwiftFileList -DSWIFT_PACKAGE -DDEBUG -DSWIFT_MODULE_RESOURCE_BUNDLE_UNAVAILABLE -DXcode -plugin-path /Applications/Xcode.app/Contents/Developer/Toolchains/XcodeDefault.xctoolchain/usr/lib/swift/host/plugins/testing -enable-experimental-feature DebugDescriptionMacro -sdk /Applications/Xcode.app/Contents/Developer/Platforms/iPhoneOS.platform/Developer/SDKs/iPhoneOS26.5.sdk -target arm64-apple-ios18.0 -g -module-cache-path /Users/andreamurru/Library/Developer/Xcode/DerivedData/ModuleCache.noindex -Xfrontend -serialize-debugging-options -enable-testing -index-store-path /Users/andreamurru/Library/Developer/Xcode/DerivedData/SnapFlex-avcdgpizbreltndcksdvuvkrjyfp/Index.noindex/DataStore -Xcc -D_LIBCPP_HARDENING_MODE\=_LIBCPP_HARDENING_MODE_DEBUG -swift-version 6 -I /Users/andreamurru/Library/Developer/Xcode/DerivedData/SnapFlex-avcdgpizbreltndcksdvuvkrjyfp/Build/Products/Debug-iphoneos -Isystem /Applications/Xcode.app/Contents/Developer/Platforms/iPhoneOS.platform/Developer/usr/lib -F /Users/andreamurru/Library/Developer/Xcode/DerivedData/SnapFlex-avcdgpizbreltndcksdvuvkrjyfp/Build/Products/Debug-iphoneos -F /Applications/Xcode.app/Contents/Developer/Platforms/iPhoneOS.platform/Developer/Library/Frameworks -F /Applications/Xcode.app/Contents/Developer/Platforms/iPhoneOS.platform/Developer/SDKs/iPhoneOS26.5.sdk/Developer/Library/Frameworks -c -j10 -enable-batch-mode -incremental -Xcc -ivfsstatcache -Xcc /Users/andreamurru/Library/Developer/Xcode/DerivedData/SDKStatCaches.noindex/iphoneos26.5-23F73-688ef53f1462e2c8f657fdc38a81448f32daed1954a7d5dd0789fcaf2a9bb78b.sdkstatcache -output-file-map /Users/andreamurru/Library/Developer/Xcode/DerivedData/SnapFlex-avcdgpizbreltndcksdvuvkrjyfp/Build/Intermediates.noindex/SnapFlexCore.build/Debug-iphoneos/SnapFlexCore.build/Objects-normal/arm64/SnapFlexCore-OutputFileMap.json -use-frontend-parseable-output -save-temps -no-color-diagnostics -explicit-module-build -module-cache-path /Users/andreamurru/Library/Developer/Xcode/DerivedData/SnapFlex-avcdgpizbreltndcksdvuvkrjyfp/Build/Intermediates.noindex/SwiftExplicitPrecompiledModules -clang-scanner-module-cache-path /Users/andreamurru/Library/Developer/Xcode/DerivedData/ModuleCache.noindex -sdk-module-cache-path /Users/andreamurru/Library/Developer/Xcode/DerivedData/ModuleCache.noindex -serialize-diagnostics -emit-dependencies -emit-module -emit-module-path /Users/andreamurru/Library/Developer/Xcode/DerivedData/SnapFlex-avcdgpizbreltndcksdvuvkrjyfp/Build/Intermediates.noindex/SnapFlexCore.build/Debug-iphoneos/SnapFlexCore.build/Objects-normal/arm64/SnapFlexCore.swiftmodule -validate-clang-modules-once -clang-build-session-file /Users/andreamurru/Library/Developer/Xcode/DerivedData/ModuleCache.noindex/Session.modulevalidation -package-name core -Xcc -I/Users/andreamurru/Library/Developer/Xcode/DerivedData/SnapFlex-avcdgpizbreltndcksdvuvkrjyfp/Build/Intermediates.noindex/SnapFlexCore.build/Debug-iphoneos/SnapFlexCore.build/swift-overrides.hmap -emit-const-values -Xfrontend -const-gather-protocols-file -Xfrontend /Users/andreamurru/Library/Developer/Xcode/DerivedData/SnapFlex-avcdgpizbreltndcksdvuvkrjyfp/Build/Intermediates.noindex/SnapFlexCore.build/Debug-iphoneos/SnapFlexCore.build/Objects-normal/arm64/SnapFlexCore_const_extract_protocols.json -Xcc -I/Users/andreamurru/Library/Developer/Xcode/DerivedData/SnapFlex-avcdgpizbreltndcksdvuvkrjyfp/Build/Products/Debug-iphoneos/include -Xcc -I/Users/andreamurru/Library/Developer/Xcode/DerivedData/SnapFlex-avcdgpizbreltndcksdvuvkrjyfp/Build/Intermediates.noindex/SnapFlexCore.build/Debug-iphoneos/SnapFlexCore.build/DerivedSources-normal/arm64 -Xcc -I/Users/andreamurru/Library/Developer/Xcode/DerivedData/SnapFlex-avcdgpizbreltndcksdvuvkrjyfp/Build/Intermediates.noindex/SnapFlexCore.build/Debug-iphoneos/SnapFlexCore.build/DerivedSources/arm64 -Xcc -I/Users/andreamurru/Library/Developer/Xcode/DerivedData/SnapFlex-avcdgpizbreltndcksdvuvkrjyfp/Build/Intermediates.noindex/SnapFlexCore.build/Debug-iphoneos/SnapFlexCore.build/DerivedSources -Xcc -DSWIFT_PACKAGE -Xcc -DDEBUG\=1 -emit-objc-header -emit-objc-header-path /Users/andreamurru/Library/Developer/Xcode/DerivedData/SnapFlex-avcdgpizbreltndcksdvuvkrjyfp/Build/Intermediates.noindex/SnapFlexCore.build/Debug-iphoneos/SnapFlexCore.build/Objects-normal/arm64/SnapFlexCore-Swift.h -working-directory /Users/andreamurru/SnapFlexBuild/SnapFlex.xcodeproj -experimental-emit-module-separately -disable-cmo

Ld /Users/andreamurru/Library/Developer/Xcode/DerivedData/SnapFlex-avcdgpizbreltndcksdvuvkrjyfp/Build/Products/Debug-iphoneos/SnapFlexCore.o normal (in target 'SnapFlexCore' from project 'SnapFlexCore')
    cd /Users/andreamurru/SnapFlexBuild/Core
    /Applications/Xcode.app/Contents/Developer/Toolchains/XcodeDefault.xctoolchain/usr/bin/clang -Xlinker -reproducible -target arm64-apple-ios18.0 -r -isysroot /Applications/Xcode.app/Contents/Developer/Platforms/iPhoneOS.platform/Developer/SDKs/iPhoneOS26.5.sdk -O0 -F/Users/andreamurru/Library/Developer/Xcode/DerivedData/SnapFlex-avcdgpizbreltndcksdvuvkrjyfp/Build/Intermediates.noindex/EagerLinkingTBDs/Debug-iphoneos -F/Users/andreamurru/Library/Developer/Xcode/DerivedData/SnapFlex-avcdgpizbreltndcksdvuvkrjyfp/Build/Products/Debug-iphoneos -iframework /Applications/Xcode.app/Contents/Developer/Platforms/iPhoneOS.platform/Developer/Library/Frameworks -iframework /Applications/Xcode.app/Contents/Developer/Platforms/iPhoneOS.platform/Developer/SDKs/iPhoneOS26.5.sdk/Developer/Library/Frameworks -filelist /Users/andreamurru/Library/Developer/Xcode/DerivedData/SnapFlex-avcdgpizbreltndcksdvuvkrjyfp/Build/Intermediates.noindex/SnapFlexCore.build/Debug-iphoneos/SnapFlexCore.build/Objects-normal/arm64/SnapFlexCore.LinkFileList -nostdlib -Xlinker -object_path_lto -Xlinker /Users/andreamurru/Library/Developer/Xcode/DerivedData/SnapFlex-avcdgpizbreltndcksdvuvkrjyfp/Build/Intermediates.noindex/SnapFlexCore.build/Debug-iphoneos/SnapFlexCore.build/Objects-normal/arm64/SnapFlexCore_lto.o -Xlinker -no_deduplicate -Xlinker -dependency_info -Xlinker /Users/andreamurru/Library/Developer/Xcode/DerivedData/SnapFlex-avcdgpizbreltndcksdvuvkrjyfp/Build/Intermediates.noindex/SnapFlexCore.build/Debug-iphoneos/SnapFlexCore.build/Objects-normal/arm64/SnapFlexCore_dependency_info.dat -fobjc-link-runtime -L/Applications/Xcode.app/Contents/Developer/Toolchains/XcodeDefault.xctoolchain/usr/lib/swift/iphoneos -L/usr/lib/swift -Xlinker -add_ast_path -Xlinker /Users/andreamurru/Library/Developer/Xcode/DerivedData/SnapFlex-avcdgpizbreltndcksdvuvkrjyfp/Build/Intermediates.noindex/SnapFlexCore.build/Debug-iphoneos/SnapFlexCore.build/Objects-normal/arm64/SnapFlexCore.swiftmodule @/Users/andreamurru/Library/Developer/Xcode/DerivedData/SnapFlex-avcdgpizbreltndcksdvuvkrjyfp/Build/Intermediates.noindex/SnapFlexCore.build/Debug-iphoneos/SnapFlexCore.build/Objects-normal/arm64/SnapFlexCore-linker-args.resp -o /Users/andreamurru/Library/Developer/Xcode/DerivedData/SnapFlex-avcdgpizbreltndcksdvuvkrjyfp/Build/Products/Debug-iphoneos/SnapFlexCore.o

ExtractAppIntentsMetadata (in target 'SnapFlexCore' from project 'SnapFlexCore')
    cd /Users/andreamurru/SnapFlexBuild/Core
    /Applications/Xcode.app/Contents/Developer/Toolchains/XcodeDefault.xctoolchain/usr/bin/appintentsmetadataprocessor --toolchain-dir /var/run/com.apple.security.cryptexd/mnt/com.apple.MobileAsset.MetalToolchain-v17.6.42.0.flgQIa/Metal.xctoolchain --module-name SnapFlexCore --sdk-root /Applications/Xcode.app/Contents/Developer/Platforms/iPhoneOS.platform/Developer/SDKs/iPhoneOS26.5.sdk --xcode-version 17F42 --platform-family iOS --deployment-target 18.0 --bundle-identifier core.SnapFlexCore --output /Users/andreamurru/Library/Developer/Xcode/DerivedData/SnapFlex-avcdgpizbreltndcksdvuvkrjyfp/Build/Products/Debug-iphoneos/SnapFlexCore.appintents --target-triple arm64-apple-ios18.0 --binary-file /Users/andreamurru/Library/Developer/Xcode/DerivedData/SnapFlex-avcdgpizbreltndcksdvuvkrjyfp/Build/Products/Debug-iphoneos/SnapFlexCore.o --dependency-file /Users/andreamurru/Library/Developer/Xcode/DerivedData/SnapFlex-avcdgpizbreltndcksdvuvkrjyfp/Build/Intermediates.noindex/SnapFlexCore.build/Debug-iphoneos/SnapFlexCore.build/Objects-normal/arm64/SnapFlexCore_dependency_info.dat --stringsdata-file /Users/andreamurru/Library/Developer/Xcode/DerivedData/SnapFlex-avcdgpizbreltndcksdvuvkrjyfp/Build/Intermediates.noindex/SnapFlexCore.build/Debug-iphoneos/SnapFlexCore.build/Objects-normal/arm64/ExtractedAppShortcutsMetadata.stringsdata --source-file-list /Users/andreamurru/Library/Developer/Xcode/DerivedData/SnapFlex-avcdgpizbreltndcksdvuvkrjyfp/Build/Intermediates.noindex/SnapFlexCore.build/Debug-iphoneos/SnapFlexCore.build/Objects-normal/arm64/SnapFlexCore.SwiftFileList --metadata-file-list /Users/andreamurru/Library/Developer/Xcode/DerivedData/SnapFlex-avcdgpizbreltndcksdvuvkrjyfp/Build/Intermediates.noindex/SnapFlexCore.build/Debug-iphoneos/SnapFlexCore.build/SnapFlexCore.DependencyMetadataFileList --static-metadata-file-list /Users/andreamurru/Library/Developer/Xcode/DerivedData/SnapFlex-avcdgpizbreltndcksdvuvkrjyfp/Build/Intermediates.noindex/SnapFlexCore.build/Debug-iphoneos/SnapFlexCore.build/SnapFlexCore.DependencyStaticMetadataFileList --swift-const-vals-list /Users/andreamurru/Library/Developer/Xcode/DerivedData/SnapFlex-avcdgpizbreltndcksdvuvkrjyfp/Build/Intermediates.noindex/SnapFlexCore.build/Debug-iphoneos/SnapFlexCore.build/Objects-normal/arm64/SnapFlexCore.SwiftConstValuesFileList --force --compile-time-extraction --deployment-aware-processing --validate-assistant-intents --no-app-shortcuts-localization
2026-08-08 15:19:13.291 appintentsmetadataprocessor[83829:1627916] Starting appintentsmetadataprocessor export
2026-08-08 15:19:13.315 appintentsmetadataprocessor[83829:1627916] Extracted no relevant App Intents symbols, skipping writing output

RegisterExecutionPolicyException /Users/andreamurru/Library/Developer/Xcode/DerivedData/SnapFlex-avcdgpizbreltndcksdvuvkrjyfp/Build/Products/Debug-iphoneos/SnapFlexCore.o (in target 'SnapFlexCore' from project 'SnapFlexCore')
    cd /Users/andreamurru/SnapFlexBuild/Core
    builtin-RegisterExecutionPolicyException /Users/andreamurru/Library/Developer/Xcode/DerivedData/SnapFlex-avcdgpizbreltndcksdvuvkrjyfp/Build/Products/Debug-iphoneos/SnapFlexCore.o

Copy /Users/andreamurru/Library/Developer/Xcode/DerivedData/SnapFlex-avcdgpizbreltndcksdvuvkrjyfp/Build/Products/Debug-iphoneos/SnapFlex.app/Frameworks/XCUnit.framework /Applications/Xcode.app/Contents/Developer/Platforms/iPhoneOS.platform/Developer/Library/PrivateFrameworks/XCUnit.framework (in target 'SnapFlex' from project 'SnapFlex')
    cd /Users/andreamurru/SnapFlexBuild
    builtin-copy -exclude .DS_Store -exclude CVS -exclude .svn -exclude .git -exclude .hg -exclude Headers -exclude PrivateHeaders -exclude Modules -exclude \*.tbd -resolve-src-symlinks /Applications/Xcode.app/Contents/Developer/Platforms/iPhoneOS.platform/Developer/Library/PrivateFrameworks/XCUnit.framework /Users/andreamurru/Library/Developer/Xcode/DerivedData/SnapFlex-avcdgpizbreltndcksdvuvkrjyfp/Build/Products/Debug-iphoneos/SnapFlex.app/Frameworks

Copy /Users/andreamurru/Library/Developer/Xcode/DerivedData/SnapFlex-avcdgpizbreltndcksdvuvkrjyfp/Build/Products/Debug-iphoneos/SnapFlex.app/Frameworks/libXCTestBundleInject.dylib /Applications/Xcode.app/Contents/Developer/Platforms/iPhoneOS.platform/Developer/usr/lib/libXCTestBundleInject.dylib (in target 'SnapFlex' from project 'SnapFlex')
    cd /Users/andreamurru/SnapFlexBuild
    builtin-copy -exclude .DS_Store -exclude CVS -exclude .svn -exclude .git -exclude .hg -exclude Headers -exclude PrivateHeaders -exclude Modules -exclude \*.tbd -resolve-src-symlinks /Applications/Xcode.app/Contents/Developer/Platforms/iPhoneOS.platform/Developer/usr/lib/libXCTestBundleInject.dylib /Users/andreamurru/Library/Developer/Xcode/DerivedData/SnapFlex-avcdgpizbreltndcksdvuvkrjyfp/Build/Products/Debug-iphoneos/SnapFlex.app/Frameworks

Copy /Users/andreamurru/Library/Developer/Xcode/DerivedData/SnapFlex-avcdgpizbreltndcksdvuvkrjyfp/Build/Products/Debug-iphoneos/SnapFlex.app/Frameworks/libXCTestSwiftSupport.dylib /Applications/Xcode.app/Contents/Developer/Platforms/iPhoneOS.platform/Developer/usr/lib/libXCTestSwiftSupport.dylib (in target 'SnapFlex' from project 'SnapFlex')
    cd /Users/andreamurru/SnapFlexBuild
    builtin-copy -exclude .DS_Store -exclude CVS -exclude .svn -exclude .git -exclude .hg -exclude Headers -exclude PrivateHeaders -exclude Modules -exclude \*.tbd -resolve-src-symlinks /Applications/Xcode.app/Contents/Developer/Platforms/iPhoneOS.platform/Developer/usr/lib/libXCTestSwiftSupport.dylib /Users/andreamurru/Library/Developer/Xcode/DerivedData/SnapFlex-avcdgpizbreltndcksdvuvkrjyfp/Build/Products/Debug-iphoneos/SnapFlex.app/Frameworks

Copy /Users/andreamurru/Library/Developer/Xcode/DerivedData/SnapFlex-avcdgpizbreltndcksdvuvkrjyfp/Build/Products/Debug-iphoneos/SnapFlex.app/Frameworks/XCUIAutomation.framework /Applications/Xcode.app/Contents/Developer/Platforms/iPhoneOS.platform/Developer/Library/Frameworks/XCUIAutomation.framework (in target 'SnapFlex' from project 'SnapFlex')
    cd /Users/andreamurru/SnapFlexBuild
    builtin-copy -exclude .DS_Store -exclude CVS -exclude .svn -exclude .git -exclude .hg -exclude Headers -exclude PrivateHeaders -exclude Modules -exclude \*.tbd -resolve-src-symlinks /Applications/Xcode.app/Contents/Developer/Platforms/iPhoneOS.platform/Developer/Library/Frameworks/XCUIAutomation.framework /Users/andreamurru/Library/Developer/Xcode/DerivedData/SnapFlex-avcdgpizbreltndcksdvuvkrjyfp/Build/Products/Debug-iphoneos/SnapFlex.app/Frameworks

Copy /Users/andreamurru/Library/Developer/Xcode/DerivedData/SnapFlex-avcdgpizbreltndcksdvuvkrjyfp/Build/Products/Debug-iphoneos/SnapFlex.app/Frameworks/XCTestSupport.framework /Applications/Xcode.app/Contents/Developer/Platforms/iPhoneOS.platform/Developer/Library/PrivateFrameworks/XCTestSupport.framework (in target 'SnapFlex' from project 'SnapFlex')
    cd /Users/andreamurru/SnapFlexBuild
    builtin-copy -exclude .DS_Store -exclude CVS -exclude .svn -exclude .git -exclude .hg -exclude Headers -exclude PrivateHeaders -exclude Modules -exclude \*.tbd -resolve-src-symlinks /Applications/Xcode.app/Contents/Developer/Platforms/iPhoneOS.platform/Developer/Library/PrivateFrameworks/XCTestSupport.framework /Users/andreamurru/Library/Developer/Xcode/DerivedData/SnapFlex-avcdgpizbreltndcksdvuvkrjyfp/Build/Products/Debug-iphoneos/SnapFlex.app/Frameworks

Copy /Users/andreamurru/Library/Developer/Xcode/DerivedData/SnapFlex-avcdgpizbreltndcksdvuvkrjyfp/Build/Products/Debug-iphoneos/SnapFlex.app/Frameworks/XCTestCore.framework /Applications/Xcode.app/Contents/Developer/Platforms/iPhoneOS.platform/Developer/Library/PrivateFrameworks/XCTestCore.framework (in target 'SnapFlex' from project 'SnapFlex')
    cd /Users/andreamurru/SnapFlexBuild
    builtin-copy -exclude .DS_Store -exclude CVS -exclude .svn -exclude .git -exclude .hg -exclude Headers -exclude PrivateHeaders -exclude Modules -exclude \*.tbd -resolve-src-symlinks /Applications/Xcode.app/Contents/Developer/Platforms/iPhoneOS.platform/Developer/Library/PrivateFrameworks/XCTestCore.framework /Users/andreamurru/Library/Developer/Xcode/DerivedData/SnapFlex-avcdgpizbreltndcksdvuvkrjyfp/Build/Products/Debug-iphoneos/SnapFlex.app/Frameworks

Ld /Users/andreamurru/Library/Developer/Xcode/DerivedData/SnapFlex-avcdgpizbreltndcksdvuvkrjyfp/Build/Products/Debug-iphoneos/SnapFlex.app/__preview.dylib normal (in target 'SnapFlex' from project 'SnapFlex')
    cd /Users/andreamurru/SnapFlexBuild
    /Applications/Xcode.app/Contents/Developer/Toolchains/XcodeDefault.xctoolchain/usr/bin/clang -Xlinker -reproducible -target arm64-apple-ios18.0 -dynamiclib -isysroot /Applications/Xcode.app/Contents/Developer/Platforms/iPhoneOS.platform/Developer/SDKs/iPhoneOS26.5.sdk -O0 -L/Users/andreamurru/Library/Developer/Xcode/DerivedData/SnapFlex-avcdgpizbreltndcksdvuvkrjyfp/Build/Products/Debug-iphoneos -F/Users/andreamurru/Library/Developer/Xcode/DerivedData/SnapFlex-avcdgpizbreltndcksdvuvkrjyfp/Build/Products/Debug-iphoneos/PackageFrameworks -F/Users/andreamurru/Library/Developer/Xcode/DerivedData/SnapFlex-avcdgpizbreltndcksdvuvkrjyfp/Build/Products/Debug-iphoneos -install_name @rpath/SnapFlex.debug.dylib -Xlinker -dead_strip -rdynamic -Xlinker -no_deduplicate -Xlinker -dependency_info -Xlinker /Users/andreamurru/Library/Developer/Xcode/DerivedData/SnapFlex-avcdgpizbreltndcksdvuvkrjyfp/Build/Intermediates.noindex/SnapFlex.build/Debug-iphoneos/SnapFlex.build/Objects-normal/arm64/SnapFlex_dependency_info.dat -Xlinker -no_adhoc_codesign -o /Users/andreamurru/Library/Developer/Xcode/DerivedData/SnapFlex-avcdgpizbreltndcksdvuvkrjyfp/Build/Products/Debug-iphoneos/SnapFlex.app/__preview.dylib

Copy /Users/andreamurru/Library/Developer/Xcode/DerivedData/SnapFlex-avcdgpizbreltndcksdvuvkrjyfp/Build/Products/Debug-iphoneos/SnapFlex.app/Frameworks/XCTest.framework /Applications/Xcode.app/Contents/Developer/Platforms/iPhoneOS.platform/Developer/Library/Frameworks/XCTest.framework (in target 'SnapFlex' from project 'SnapFlex')
    cd /Users/andreamurru/SnapFlexBuild
    builtin-copy -exclude .DS_Store -exclude CVS -exclude .svn -exclude .git -exclude .hg -exclude Headers -exclude PrivateHeaders -exclude Modules -exclude \*.tbd -resolve-src-symlinks /Applications/Xcode.app/Contents/Developer/Platforms/iPhoneOS.platform/Developer/Library/Frameworks/XCTest.framework /Users/andreamurru/Library/Developer/Xcode/DerivedData/SnapFlex-avcdgpizbreltndcksdvuvkrjyfp/Build/Products/Debug-iphoneos/SnapFlex.app/Frameworks

Copy /Users/andreamurru/Library/Developer/Xcode/DerivedData/SnapFlex-avcdgpizbreltndcksdvuvkrjyfp/Build/Products/Debug-iphoneos/SnapFlex.app/Frameworks/XCTAutomationSupport.framework /Applications/Xcode.app/Contents/Developer/Platforms/iPhoneOS.platform/Developer/Library/PrivateFrameworks/XCTAutomationSupport.framework (in target 'SnapFlex' from project 'SnapFlex')
    cd /Users/andreamurru/SnapFlexBuild
    builtin-copy -exclude .DS_Store -exclude CVS -exclude .svn -exclude .git -exclude .hg -exclude Headers -exclude PrivateHeaders -exclude Modules -exclude \*.tbd -resolve-src-symlinks /Applications/Xcode.app/Contents/Developer/Platforms/iPhoneOS.platform/Developer/Library/PrivateFrameworks/XCTAutomationSupport.framework /Users/andreamurru/Library/Developer/Xcode/DerivedData/SnapFlex-avcdgpizbreltndcksdvuvkrjyfp/Build/Products/Debug-iphoneos/SnapFlex.app/Frameworks

Copy /Users/andreamurru/Library/Developer/Xcode/DerivedData/SnapFlex-avcdgpizbreltndcksdvuvkrjyfp/Build/Products/Debug-iphoneos/SnapFlex.app/Frameworks/Testing.framework /Applications/Xcode.app/Contents/Developer/Platforms/iPhoneOS.platform/Developer/Library/Frameworks/Testing.framework (in target 'SnapFlex' from project 'SnapFlex')
    cd /Users/andreamurru/SnapFlexBuild
    builtin-copy -exclude .DS_Store -exclude CVS -exclude .svn -exclude .git -exclude .hg -exclude Headers -exclude PrivateHeaders -exclude Modules -exclude \*.tbd -resolve-src-symlinks /Applications/Xcode.app/Contents/Developer/Platforms/iPhoneOS.platform/Developer/Library/Frameworks/Testing.framework /Users/andreamurru/Library/Developer/Xcode/DerivedData/SnapFlex-avcdgpizbreltndcksdvuvkrjyfp/Build/Products/Debug-iphoneos/SnapFlex.app/Frameworks

CodeSign /Users/andreamurru/Library/Developer/Xcode/DerivedData/SnapFlex-avcdgpizbreltndcksdvuvkrjyfp/Build/Products/Debug-iphoneos/SnapFlex.app/Frameworks/libXCTestSwiftSupport.dylib (in target 'SnapFlex' from project 'SnapFlex')
    cd /Users/andreamurru/SnapFlexBuild
    
    Signing Identity:     "Apple Development: anmurru+itunes@gmail.com (U55YGSU77D)"
    Provisioning Profile: "iOS Team Provisioning Profile: *"
                          (938bfba4-8860-4c62-b56d-57ddd4998ce6)
    
    /usr/bin/codesign --force --sign 175FD9D5B7075A8776D0AA2A7DB55D07978D67E9 --timestamp\=none --preserve-metadata\=identifier,entitlements,flags --generate-entitlement-der /Users/andreamurru/Library/Developer/Xcode/DerivedData/SnapFlex-avcdgpizbreltndcksdvuvkrjyfp/Build/Products/Debug-iphoneos/SnapFlex.app/Frameworks/libXCTestSwiftSupport.dylib
/Users/andreamurru/Library/Developer/Xcode/DerivedData/SnapFlex-avcdgpizbreltndcksdvuvkrjyfp/Build/Products/Debug-iphoneos/SnapFlex.app/Frameworks/libXCTestSwiftSupport.dylib: replacing existing signature

CodeSign /Users/andreamurru/Library/Developer/Xcode/DerivedData/SnapFlex-avcdgpizbreltndcksdvuvkrjyfp/Build/Products/Debug-iphoneos/SnapFlex.app/Frameworks/libXCTestBundleInject.dylib (in target 'SnapFlex' from project 'SnapFlex')
    cd /Users/andreamurru/SnapFlexBuild
    
    Signing Identity:     "Apple Development: anmurru+itunes@gmail.com (U55YGSU77D)"
    Provisioning Profile: "iOS Team Provisioning Profile: *"
                          (938bfba4-8860-4c62-b56d-57ddd4998ce6)
    
    /usr/bin/codesign --force --sign 175FD9D5B7075A8776D0AA2A7DB55D07978D67E9 --timestamp\=none --preserve-metadata\=identifier,entitlements,flags --generate-entitlement-der /Users/andreamurru/Library/Developer/Xcode/DerivedData/SnapFlex-avcdgpizbreltndcksdvuvkrjyfp/Build/Products/Debug-iphoneos/SnapFlex.app/Frameworks/libXCTestBundleInject.dylib
/Users/andreamurru/Library/Developer/Xcode/DerivedData/SnapFlex-avcdgpizbreltndcksdvuvkrjyfp/Build/Products/Debug-iphoneos/SnapFlex.app/Frameworks/libXCTestBundleInject.dylib: replacing existing signature

CodeSign /Users/andreamurru/Library/Developer/Xcode/DerivedData/SnapFlex-avcdgpizbreltndcksdvuvkrjyfp/Build/Products/Debug-iphoneos/SnapFlex.app/Frameworks/XCUnit.framework (in target 'SnapFlex' from project 'SnapFlex')
    cd /Users/andreamurru/SnapFlexBuild
    
    Signing Identity:     "Apple Development: anmurru+itunes@gmail.com (U55YGSU77D)"
    Provisioning Profile: "iOS Team Provisioning Profile: *"
                          (938bfba4-8860-4c62-b56d-57ddd4998ce6)
    
    /usr/bin/codesign --force --sign 175FD9D5B7075A8776D0AA2A7DB55D07978D67E9 --timestamp\=none --preserve-metadata\=identifier,entitlements,flags --generate-entitlement-der /Users/andreamurru/Library/Developer/Xcode/DerivedData/SnapFlex-avcdgpizbreltndcksdvuvkrjyfp/Build/Products/Debug-iphoneos/SnapFlex.app/Frameworks/XCUnit.framework
/Users/andreamurru/Library/Developer/Xcode/DerivedData/SnapFlex-avcdgpizbreltndcksdvuvkrjyfp/Build/Products/Debug-iphoneos/SnapFlex.app/Frameworks/XCUnit.framework: replacing existing signature

CodeSign /Users/andreamurru/Library/Developer/Xcode/DerivedData/SnapFlex-avcdgpizbreltndcksdvuvkrjyfp/Build/Products/Debug-iphoneos/SnapFlex.app/Frameworks/XCUIAutomation.framework (in target 'SnapFlex' from project 'SnapFlex')
    cd /Users/andreamurru/SnapFlexBuild
    
    Signing Identity:     "Apple Development: anmurru+itunes@gmail.com (U55YGSU77D)"
    Provisioning Profile: "iOS Team Provisioning Profile: *"
                          (938bfba4-8860-4c62-b56d-57ddd4998ce6)
    
    /usr/bin/codesign --force --sign 175FD9D5B7075A8776D0AA2A7DB55D07978D67E9 --timestamp\=none --preserve-metadata\=identifier,entitlements,flags --generate-entitlement-der /Users/andreamurru/Library/Developer/Xcode/DerivedData/SnapFlex-avcdgpizbreltndcksdvuvkrjyfp/Build/Products/Debug-iphoneos/SnapFlex.app/Frameworks/XCUIAutomation.framework
/Users/andreamurru/Library/Developer/Xcode/DerivedData/SnapFlex-avcdgpizbreltndcksdvuvkrjyfp/Build/Products/Debug-iphoneos/SnapFlex.app/Frameworks/XCUIAutomation.framework: replacing existing signature

CodeSign /Users/andreamurru/Library/Developer/Xcode/DerivedData/SnapFlex-avcdgpizbreltndcksdvuvkrjyfp/Build/Products/Debug-iphoneos/SnapFlex.app/Frameworks/XCTestSupport.framework (in target 'SnapFlex' from project 'SnapFlex')
    cd /Users/andreamurru/SnapFlexBuild
    
    Signing Identity:     "Apple Development: anmurru+itunes@gmail.com (U55YGSU77D)"
    Provisioning Profile: "iOS Team Provisioning Profile: *"
                          (938bfba4-8860-4c62-b56d-57ddd4998ce6)
    
    /usr/bin/codesign --force --sign 175FD9D5B7075A8776D0AA2A7DB55D07978D67E9 --timestamp\=none --preserve-metadata\=identifier,entitlements,flags --generate-entitlement-der /Users/andreamurru/Library/Developer/Xcode/DerivedData/SnapFlex-avcdgpizbreltndcksdvuvkrjyfp/Build/Products/Debug-iphoneos/SnapFlex.app/Frameworks/XCTestSupport.framework
/Users/andreamurru/Library/Developer/Xcode/DerivedData/SnapFlex-avcdgpizbreltndcksdvuvkrjyfp/Build/Products/Debug-iphoneos/SnapFlex.app/Frameworks/XCTestSupport.framework: replacing existing signature

CodeSign /Users/andreamurru/Library/Developer/Xcode/DerivedData/SnapFlex-avcdgpizbreltndcksdvuvkrjyfp/Build/Products/Debug-iphoneos/SnapFlex.app/Frameworks/XCTestCore.framework (in target 'SnapFlex' from project 'SnapFlex')
    cd /Users/andreamurru/SnapFlexBuild
    
    Signing Identity:     "Apple Development: anmurru+itunes@gmail.com (U55YGSU77D)"
    Provisioning Profile: "iOS Team Provisioning Profile: *"
                          (938bfba4-8860-4c62-b56d-57ddd4998ce6)
    
    /usr/bin/codesign --force --sign 175FD9D5B7075A8776D0AA2A7DB55D07978D67E9 --timestamp\=none --preserve-metadata\=identifier,entitlements,flags --generate-entitlement-der /Users/andreamurru/Library/Developer/Xcode/DerivedData/SnapFlex-avcdgpizbreltndcksdvuvkrjyfp/Build/Products/Debug-iphoneos/SnapFlex.app/Frameworks/XCTestCore.framework
/Users/andreamurru/Library/Developer/Xcode/DerivedData/SnapFlex-avcdgpizbreltndcksdvuvkrjyfp/Build/Products/Debug-iphoneos/SnapFlex.app/Frameworks/XCTestCore.framework: replacing existing signature

CodeSign /Users/andreamurru/Library/Developer/Xcode/DerivedData/SnapFlex-avcdgpizbreltndcksdvuvkrjyfp/Build/Products/Debug-iphoneos/SnapFlex.app/Frameworks/XCTest.framework (in target 'SnapFlex' from project 'SnapFlex')
    cd /Users/andreamurru/SnapFlexBuild
    
    Signing Identity:     "Apple Development: anmurru+itunes@gmail.com (U55YGSU77D)"
    Provisioning Profile: "iOS Team Provisioning Profile: *"
                          (938bfba4-8860-4c62-b56d-57ddd4998ce6)
    
    /usr/bin/codesign --force --sign 175FD9D5B7075A8776D0AA2A7DB55D07978D67E9 --timestamp\=none --preserve-metadata\=identifier,entitlements,flags --generate-entitlement-der /Users/andreamurru/Library/Developer/Xcode/DerivedData/SnapFlex-avcdgpizbreltndcksdvuvkrjyfp/Build/Products/Debug-iphoneos/SnapFlex.app/Frameworks/XCTest.framework
/Users/andreamurru/Library/Developer/Xcode/DerivedData/SnapFlex-avcdgpizbreltndcksdvuvkrjyfp/Build/Products/Debug-iphoneos/SnapFlex.app/Frameworks/XCTest.framework: replacing existing signature

SwiftEmitModule normal arm64 Emitting\ module\ for\ SnapFlex (in target 'SnapFlex' from project 'SnapFlex')

EmitSwiftModule normal arm64 (in target 'SnapFlex' from project 'SnapFlex')
    cd /Users/andreamurru/SnapFlexBuild
    
/Users/andreamurru/SnapFlexBuild/LongExposure/LongExposureController.swift:23:5: warning: 'nonisolated(unsafe)' has no effect on property 'textureCache', consider using 'nonisolated'
    nonisolated(unsafe) private var textureCache: CVMetalTextureCache?
    ^~~~~~~~~~~
    nonisolated
/Users/andreamurru/SnapFlexBuild/LongExposure/LongExposureController.swift:27:5: warning: 'nonisolated(unsafe)' has no effect on property 'runningFlag', consider using 'nonisolated'
    nonisolated(unsafe) private var runningFlag = false
    ^~~~~~~~~~~
    nonisolated

SwiftCompile normal arm64 Compiling\ RealCameraDevice.swift,\ SnapFlexApp.swift /Users/andreamurru/SnapFlexBuild/Engine/RealCameraDevice.swift /Users/andreamurru/SnapFlexBuild/App/SnapFlexApp.swift (in target 'SnapFlex' from project 'SnapFlex')

SwiftCompile normal arm64 /Users/andreamurru/SnapFlexBuild/Engine/RealCameraDevice.swift (in target 'SnapFlex' from project 'SnapFlex')
    cd /Users/andreamurru/SnapFlexBuild
    

SwiftCompile normal arm64 /Users/andreamurru/SnapFlexBuild/App/SnapFlexApp.swift (in target 'SnapFlex' from project 'SnapFlex')
    cd /Users/andreamurru/SnapFlexBuild
    

SwiftCompile normal arm64 Compiling\ CameraDevice.swift,\ CameraEngine.swift,\ CaptureStore.swift /Users/andreamurru/SnapFlexBuild/Engine/CameraDevice.swift /Users/andreamurru/SnapFlexBuild/Engine/CameraEngine.swift /Users/andreamurru/SnapFlexBuild/Engine/CaptureStore.swift (in target 'SnapFlex' from project 'SnapFlex')

SwiftCompile normal arm64 /Users/andreamurru/SnapFlexBuild/Engine/CameraDevice.swift (in target 'SnapFlex' from project 'SnapFlex')
    cd /Users/andreamurru/SnapFlexBuild
    

SwiftCompile normal arm64 /Users/andreamurru/SnapFlexBuild/Engine/CameraEngine.swift (in target 'SnapFlex' from project 'SnapFlex')
    cd /Users/andreamurru/SnapFlexBuild
    

SwiftCompile normal arm64 /Users/andreamurru/SnapFlexBuild/Engine/CaptureStore.swift (in target 'SnapFlex' from project 'SnapFlex')
    cd /Users/andreamurru/SnapFlexBuild
    

SwiftCompile normal arm64 Compiling\ GridLevelOverlay.swift,\ Haptics.swift,\ HistogramView.swift /Users/andreamurru/SnapFlexBuild/App/GridLevelOverlay.swift /Users/andreamurru/SnapFlexBuild/App/Haptics.swift /Users/andreamurru/SnapFlexBuild/App/HistogramView.swift (in target 'SnapFlex' from project 'SnapFlex')

SwiftCompile normal arm64 /Users/andreamurru/SnapFlexBuild/App/GridLevelOverlay.swift (in target 'SnapFlex' from project 'SnapFlex')
    cd /Users/andreamurru/SnapFlexBuild
    

SwiftCompile normal arm64 /Users/andreamurru/SnapFlexBuild/App/Haptics.swift (in target 'SnapFlex' from project 'SnapFlex')
    cd /Users/andreamurru/SnapFlexBuild
    

SwiftCompile normal arm64 /Users/andreamurru/SnapFlexBuild/App/HistogramView.swift (in target 'SnapFlex' from project 'SnapFlex')
    cd /Users/andreamurru/SnapFlexBuild
    

SwiftCompile normal arm64 Compiling\ LongPreviewMetalView.swift,\ OrientationModel.swift,\ OverlayFrameDriver.swift /Users/andreamurru/SnapFlexBuild/App/LongPreviewMetalView.swift /Users/andreamurru/SnapFlexBuild/App/OrientationModel.swift /Users/andreamurru/SnapFlexBuild/Overlay/OverlayFrameDriver.swift (in target 'SnapFlex' from project 'SnapFlex')

SwiftCompile normal arm64 /Users/andreamurru/SnapFlexBuild/App/LongPreviewMetalView.swift (in target 'SnapFlex' from project 'SnapFlex')
    cd /Users/andreamurru/SnapFlexBuild
    

SwiftCompile normal arm64 /Users/andreamurru/SnapFlexBuild/App/OrientationModel.swift (in target 'SnapFlex' from project 'SnapFlex')
    cd /Users/andreamurru/SnapFlexBuild
    

SwiftCompile normal arm64 /Users/andreamurru/SnapFlexBuild/Overlay/OverlayFrameDriver.swift (in target 'SnapFlex' from project 'SnapFlex')
    cd /Users/andreamurru/SnapFlexBuild
    

MetalLink /Users/andreamurru/Library/Developer/Xcode/DerivedData/SnapFlex-avcdgpizbreltndcksdvuvkrjyfp/Build/Products/Debug-iphoneos/SnapFlex.app/default.metallib (in target 'SnapFlex' from project 'SnapFlex')
    cd /Users/andreamurru/SnapFlexBuild
    /var/run/com.apple.security.cryptexd/mnt/com.apple.MobileAsset.MetalToolchain-v17.6.42.0.flgQIa/Metal.xctoolchain/usr/bin/metal -target air64-apple-ios18.0 -frecord-sources -o /Users/andreamurru/Library/Developer/Xcode/DerivedData/SnapFlex-avcdgpizbreltndcksdvuvkrjyfp/Build/Products/Debug-iphoneos/SnapFlex.app/default.metallib /Users/andreamurru/Library/Developer/Xcode/DerivedData/SnapFlex-avcdgpizbreltndcksdvuvkrjyfp/Build/Intermediates.noindex/SnapFlex.build/Debug-iphoneos/SnapFlex.build/Metal/LongExposureShaders.air /Users/andreamurru/Library/Developer/Xcode/DerivedData/SnapFlex-avcdgpizbreltndcksdvuvkrjyfp/Build/Intermediates.noindex/SnapFlex.build/Debug-iphoneos/SnapFlex.build/Metal/Shaders.air

CodeSign /Users/andreamurru/Library/Developer/Xcode/DerivedData/SnapFlex-avcdgpizbreltndcksdvuvkrjyfp/Build/Products/Debug-iphoneos/SnapFlex.app/Frameworks/XCTAutomationSupport.framework (in target 'SnapFlex' from project 'SnapFlex')
    cd /Users/andreamurru/SnapFlexBuild
    
    Signing Identity:     "Apple Development: anmurru+itunes@gmail.com (U55YGSU77D)"
    Provisioning Profile: "iOS Team Provisioning Profile: *"
                          (938bfba4-8860-4c62-b56d-57ddd4998ce6)
    
    /usr/bin/codesign --force --sign 175FD9D5B7075A8776D0AA2A7DB55D07978D67E9 --timestamp\=none --preserve-metadata\=identifier,entitlements,flags --generate-entitlement-der /Users/andreamurru/Library/Developer/Xcode/DerivedData/SnapFlex-avcdgpizbreltndcksdvuvkrjyfp/Build/Products/Debug-iphoneos/SnapFlex.app/Frameworks/XCTAutomationSupport.framework
/Users/andreamurru/Library/Developer/Xcode/DerivedData/SnapFlex-avcdgpizbreltndcksdvuvkrjyfp/Build/Products/Debug-iphoneos/SnapFlex.app/Frameworks/XCTAutomationSupport.framework: replacing existing signature

CodeSign /Users/andreamurru/Library/Developer/Xcode/DerivedData/SnapFlex-avcdgpizbreltndcksdvuvkrjyfp/Build/Products/Debug-iphoneos/SnapFlex.app/Frameworks/Testing.framework (in target 'SnapFlex' from project 'SnapFlex')
    cd /Users/andreamurru/SnapFlexBuild
    
    Signing Identity:     "Apple Development: anmurru+itunes@gmail.com (U55YGSU77D)"
    Provisioning Profile: "iOS Team Provisioning Profile: *"
                          (938bfba4-8860-4c62-b56d-57ddd4998ce6)
    
    /usr/bin/codesign --force --sign 175FD9D5B7075A8776D0AA2A7DB55D07978D67E9 --timestamp\=none --preserve-metadata\=identifier,entitlements,flags --generate-entitlement-der /Users/andreamurru/Library/Developer/Xcode/DerivedData/SnapFlex-avcdgpizbreltndcksdvuvkrjyfp/Build/Products/Debug-iphoneos/SnapFlex.app/Frameworks/Testing.framework
/Users/andreamurru/Library/Developer/Xcode/DerivedData/SnapFlex-avcdgpizbreltndcksdvuvkrjyfp/Build/Products/Debug-iphoneos/SnapFlex.app/Frameworks/Testing.framework: replacing existing signature

SwiftCompile normal arm64 Compiling\ OverlayMetalView.swift,\ OverlayPipeline.swift,\ ParameterBar.swift /Users/andreamurru/SnapFlexBuild/App/OverlayMetalView.swift /Users/andreamurru/SnapFlexBuild/Overlay/OverlayPipeline.swift /Users/andreamurru/SnapFlexBuild/App/ParameterBar.swift (in target 'SnapFlex' from project 'SnapFlex')

SwiftCompile normal arm64 /Users/andreamurru/SnapFlexBuild/App/OverlayMetalView.swift (in target 'SnapFlex' from project 'SnapFlex')
    cd /Users/andreamurru/SnapFlexBuild
    

SwiftCompile normal arm64 /Users/andreamurru/SnapFlexBuild/Overlay/OverlayPipeline.swift (in target 'SnapFlex' from project 'SnapFlex')
    cd /Users/andreamurru/SnapFlexBuild
    

SwiftCompile normal arm64 /Users/andreamurru/SnapFlexBuild/App/ParameterBar.swift (in target 'SnapFlex' from project 'SnapFlex')
    cd /Users/andreamurru/SnapFlexBuild
    

SwiftCompile normal arm64 Compiling\ PhotoCaptureCoordinator.swift,\ PreviewView.swift /Users/andreamurru/SnapFlexBuild/Engine/PhotoCaptureCoordinator.swift /Users/andreamurru/SnapFlexBuild/App/PreviewView.swift (in target 'SnapFlex' from project 'SnapFlex')

SwiftCompile normal arm64 /Users/andreamurru/SnapFlexBuild/Engine/PhotoCaptureCoordinator.swift (in target 'SnapFlex' from project 'SnapFlex')
    cd /Users/andreamurru/SnapFlexBuild
    

SwiftCompile normal arm64 /Users/andreamurru/SnapFlexBuild/App/PreviewView.swift (in target 'SnapFlex' from project 'SnapFlex')
    cd /Users/andreamurru/SnapFlexBuild
    

SwiftCompile normal arm64 Compiling\ ParameterDial.swift,\ PermissionGate.swift /Users/andreamurru/SnapFlexBuild/App/ParameterDial.swift /Users/andreamurru/SnapFlexBuild/App/PermissionGate.swift (in target 'SnapFlex' from project 'SnapFlex')

SwiftCompile normal arm64 /Users/andreamurru/SnapFlexBuild/App/ParameterDial.swift (in target 'SnapFlex' from project 'SnapFlex')
    cd /Users/andreamurru/SnapFlexBuild
    

SwiftCompile normal arm64 /Users/andreamurru/SnapFlexBuild/App/PermissionGate.swift (in target 'SnapFlex' from project 'SnapFlex')
    cd /Users/andreamurru/SnapFlexBuild
    

SwiftCompile normal arm64 Compiling\ ViewfinderScreen.swift,\ GeneratedAssetSymbols.swift /Users/andreamurru/SnapFlexBuild/App/ViewfinderScreen.swift /Users/andreamurru/Library/Developer/Xcode/DerivedData/SnapFlex-avcdgpizbreltndcksdvuvkrjyfp/Build/Intermediates.noindex/SnapFlex.build/Debug-iphoneos/SnapFlex.build/DerivedSources/GeneratedAssetSymbols.swift (in target 'SnapFlex' from project 'SnapFlex')

SwiftCompile normal arm64 /Users/andreamurru/SnapFlexBuild/App/ViewfinderScreen.swift (in target 'SnapFlex' from project 'SnapFlex')
    cd /Users/andreamurru/SnapFlexBuild
    

SwiftCompile normal arm64 /Users/andreamurru/Library/Developer/Xcode/DerivedData/SnapFlex-avcdgpizbreltndcksdvuvkrjyfp/Build/Intermediates.noindex/SnapFlex.build/Debug-iphoneos/SnapFlex.build/DerivedSources/GeneratedAssetSymbols.swift (in target 'SnapFlex' from project 'SnapFlex')
    cd /Users/andreamurru/SnapFlexBuild
    

SwiftCompile normal arm64 Compiling\ LongExposureAccumulator.swift,\ LongExposureController.swift,\ LongExposureHUD.swift /Users/andreamurru/SnapFlexBuild/LongExposure/LongExposureAccumulator.swift /Users/andreamurru/SnapFlexBuild/LongExposure/LongExposureController.swift /Users/andreamurru/SnapFlexBuild/App/LongExposureHUD.swift (in target 'SnapFlex' from project 'SnapFlex')

SwiftCompile normal arm64 /Users/andreamurru/SnapFlexBuild/LongExposure/LongExposureAccumulator.swift (in target 'SnapFlex' from project 'SnapFlex')
    cd /Users/andreamurru/SnapFlexBuild
    

SwiftCompile normal arm64 /Users/andreamurru/SnapFlexBuild/LongExposure/LongExposureController.swift (in target 'SnapFlex' from project 'SnapFlex')
    cd /Users/andreamurru/SnapFlexBuild
    
/Users/andreamurru/SnapFlexBuild/LongExposure/LongExposureController.swift:23:5: warning: 'nonisolated(unsafe)' has no effect on property 'textureCache', consider using 'nonisolated'
    nonisolated(unsafe) private var textureCache: CVMetalTextureCache?
    ^~~~~~~~~~~
    nonisolated
/Users/andreamurru/SnapFlexBuild/LongExposure/LongExposureController.swift:27:5: warning: 'nonisolated(unsafe)' has no effect on property 'runningFlag', consider using 'nonisolated'
    nonisolated(unsafe) private var runningFlag = false
    ^~~~~~~~~~~
    nonisolated

SwiftCompile normal arm64 /Users/andreamurru/SnapFlexBuild/App/LongExposureHUD.swift (in target 'SnapFlex' from project 'SnapFlex')
    cd /Users/andreamurru/SnapFlexBuild
    

SwiftDriverJobDiscovery normal arm64 Emitting module for SnapFlex (in target 'SnapFlex' from project 'SnapFlex')

SwiftDriver\ Compilation\ Requirements SnapFlex normal arm64 com.apple.xcode.tools.swift.compiler (in target 'SnapFlex' from project 'SnapFlex')
    cd /Users/andreamurru/SnapFlexBuild
    builtin-Swift-Compilation-Requirements -- /Applications/Xcode.app/Contents/Developer/Toolchains/XcodeDefault.xctoolchain/usr/bin/swiftc -module-name SnapFlex -Onone @/Users/andreamurru/Library/Developer/Xcode/DerivedData/SnapFlex-avcdgpizbreltndcksdvuvkrjyfp/Build/Intermediates.noindex/SnapFlex.build/Debug-iphoneos/SnapFlex.build/Objects-normal/arm64/SnapFlex.SwiftFileList -DDEBUG -enable-bare-slash-regex -enable-experimental-feature DebugDescriptionMacro -sdk /Applications/Xcode.app/Contents/Developer/Platforms/iPhoneOS.platform/Developer/SDKs/iPhoneOS26.5.sdk -target arm64-apple-ios18.0 -g -module-cache-path /Users/andreamurru/Library/Developer/Xcode/DerivedData/ModuleCache.noindex -Xfrontend -serialize-debugging-options -enable-testing -index-store-path /Users/andreamurru/Library/Developer/Xcode/DerivedData/SnapFlex-avcdgpizbreltndcksdvuvkrjyfp/Index.noindex/DataStore -Xcc -D_LIBCPP_HARDENING_MODE\=_LIBCPP_HARDENING_MODE_DEBUG -swift-version 5 -I /Users/andreamurru/Library/Developer/Xcode/DerivedData/SnapFlex-avcdgpizbreltndcksdvuvkrjyfp/Build/Products/Debug-iphoneos -F /Users/andreamurru/Library/Developer/Xcode/DerivedData/SnapFlex-avcdgpizbreltndcksdvuvkrjyfp/Build/Products/Debug-iphoneos/PackageFrameworks -F /Users/andreamurru/Library/Developer/Xcode/DerivedData/SnapFlex-avcdgpizbreltndcksdvuvkrjyfp/Build/Products/Debug-iphoneos -c -j10 -enable-batch-mode -incremental -Xcc -ivfsstatcache -Xcc /Users/andreamurru/Library/Developer/Xcode/DerivedData/SDKStatCaches.noindex/iphoneos26.5-23F73-688ef53f1462e2c8f657fdc38a81448f32daed1954a7d5dd0789fcaf2a9bb78b.sdkstatcache -output-file-map /Users/andreamurru/Library/Developer/Xcode/DerivedData/SnapFlex-avcdgpizbreltndcksdvuvkrjyfp/Build/Intermediates.noindex/SnapFlex.build/Debug-iphoneos/SnapFlex.build/Objects-normal/arm64/SnapFlex-OutputFileMap.json -use-frontend-parseable-output -save-temps -no-color-diagnostics -explicit-module-build -module-cache-path /Users/andreamurru/Library/Developer/Xcode/DerivedData/SnapFlex-avcdgpizbreltndcksdvuvkrjyfp/Build/Intermediates.noindex/SwiftExplicitPrecompiledModules -clang-scanner-module-cache-path /Users/andreamurru/Library/Developer/Xcode/DerivedData/ModuleCache.noindex -sdk-module-cache-path /Users/andreamurru/Library/Developer/Xcode/DerivedData/ModuleCache.noindex -serialize-diagnostics -emit-dependencies -emit-module -emit-module-path /Users/andreamurru/Library/Developer/Xcode/DerivedData/SnapFlex-avcdgpizbreltndcksdvuvkrjyfp/Build/Intermediates.noindex/SnapFlex.build/Debug-iphoneos/SnapFlex.build/Objects-normal/arm64/SnapFlex.swiftmodule -validate-clang-modules-once -clang-build-session-file /Users/andreamurru/Library/Developer/Xcode/DerivedData/ModuleCache.noindex/Session.modulevalidation -Xcc -I/Users/andreamurru/Library/Developer/Xcode/DerivedData/SnapFlex-avcdgpizbreltndcksdvuvkrjyfp/Build/Intermediates.noindex/SnapFlex.build/Debug-iphoneos/SnapFlex.build/swift-overrides.hmap -emit-const-values -Xfrontend -const-gather-protocols-file -Xfrontend /Users/andreamurru/Library/Developer/Xcode/DerivedData/SnapFlex-avcdgpizbreltndcksdvuvkrjyfp/Build/Intermediates.noindex/SnapFlex.build/Debug-iphoneos/SnapFlex.build/Objects-normal/arm64/SnapFlex_const_extract_protocols.json -Xcc -iquote -Xcc /Users/andreamurru/Library/Developer/Xcode/DerivedData/SnapFlex-avcdgpizbreltndcksdvuvkrjyfp/Build/Intermediates.noindex/SnapFlex.build/Debug-iphoneos/SnapFlex.build/SnapFlex-generated-files.hmap -Xcc -I/Users/andreamurru/Library/Developer/Xcode/DerivedData/SnapFlex-avcdgpizbreltndcksdvuvkrjyfp/Build/Intermediates.noindex/SnapFlex.build/Debug-iphoneos/SnapFlex.build/SnapFlex-own-target-headers.hmap -Xcc -I/Users/andreamurru/Library/Developer/Xcode/DerivedData/SnapFlex-avcdgpizbreltndcksdvuvkrjyfp/Build/Intermediates.noindex/SnapFlex.build/Debug-iphoneos/SnapFlex.build/SnapFlex-all-non-framework-target-headers.hmap -Xcc -ivfsoverlay -Xcc /Users/andreamurru/Library/Developer/Xcode/DerivedData/SnapFlex-avcdgpizbreltndcksdvuvkrjyfp/Build/Intermediates.noindex/SnapFlex.build/Debug-iphoneos/SnapFlex-0deaf04b0ddd94b0ab39d2d00cf13a33-VFS-iphoneos/all-product-headers.yaml -Xcc -iquote -Xcc /Users/andreamurru/Library/Developer/Xcode/DerivedData/SnapFlex-avcdgpizbreltndcksdvuvkrjyfp/Build/Intermediates.noindex/SnapFlex.build/Debug-iphoneos/SnapFlex.build/SnapFlex-project-headers.hmap -Xcc -I/Users/andreamurru/Library/Developer/Xcode/DerivedData/SnapFlex-avcdgpizbreltndcksdvuvkrjyfp/Build/Products/Debug-iphoneos/include -Xcc -I/Users/andreamurru/Library/Developer/Xcode/DerivedData/SnapFlex-avcdgpizbreltndcksdvuvkrjyfp/Build/Intermediates.noindex/SnapFlex.build/Debug-iphoneos/SnapFlex.build/DerivedSources-normal/arm64 -Xcc -I/Users/andreamurru/Library/Developer/Xcode/DerivedData/SnapFlex-avcdgpizbreltndcksdvuvkrjyfp/Build/Intermediates.noindex/SnapFlex.build/Debug-iphoneos/SnapFlex.build/DerivedSources/arm64 -Xcc -I/Users/andreamurru/Library/Developer/Xcode/DerivedData/SnapFlex-avcdgpizbreltndcksdvuvkrjyfp/Build/Intermediates.noindex/SnapFlex.build/Debug-iphoneos/SnapFlex.build/DerivedSources -Xcc -DDEBUG\=1 -emit-objc-header -emit-objc-header-path /Users/andreamurru/Library/Developer/Xcode/DerivedData/SnapFlex-avcdgpizbreltndcksdvuvkrjyfp/Build/Intermediates.noindex/SnapFlex.build/Debug-iphoneos/SnapFlex.build/Objects-normal/arm64/SnapFlex-Swift.h -working-directory /Users/andreamurru/SnapFlexBuild -experimental-emit-module-separately -disable-cmo

SwiftDriverJobDiscovery normal arm64 Compiling CameraDevice.swift, CameraEngine.swift, CaptureStore.swift (in target 'SnapFlex' from project 'SnapFlex')

SwiftCompile normal arm64 Compiling\ Theme.swift,\ TopBar.swift /Users/andreamurru/SnapFlexBuild/App/Theme.swift /Users/andreamurru/SnapFlexBuild/App/TopBar.swift (in target 'SnapFlex' from project 'SnapFlex')

SwiftCompile normal arm64 /Users/andreamurru/SnapFlexBuild/App/Theme.swift (in target 'SnapFlex' from project 'SnapFlex')
    cd /Users/andreamurru/SnapFlexBuild
    

SwiftCompile normal arm64 /Users/andreamurru/SnapFlexBuild/App/TopBar.swift (in target 'SnapFlex' from project 'SnapFlex')
    cd /Users/andreamurru/SnapFlexBuild
    

SwiftMergeGeneratedHeaders /Users/andreamurru/Library/Developer/Xcode/DerivedData/SnapFlex-avcdgpizbreltndcksdvuvkrjyfp/Build/Intermediates.noindex/SnapFlex.build/Debug-iphoneos/SnapFlex.build/DerivedSources/SnapFlex-Swift.h /Users/andreamurru/Library/Developer/Xcode/DerivedData/SnapFlex-avcdgpizbreltndcksdvuvkrjyfp/Build/Intermediates.noindex/SnapFlex.build/Debug-iphoneos/SnapFlex.build/Objects-normal/arm64/SnapFlex-Swift.h (in target 'SnapFlex' from project 'SnapFlex')
    cd /Users/andreamurru/SnapFlexBuild
    builtin-swiftHeaderTool -arch arm64 /Users/andreamurru/Library/Developer/Xcode/DerivedData/SnapFlex-avcdgpizbreltndcksdvuvkrjyfp/Build/Intermediates.noindex/SnapFlex.build/Debug-iphoneos/SnapFlex.build/Objects-normal/arm64/SnapFlex-Swift.h -o /Users/andreamurru/Library/Developer/Xcode/DerivedData/SnapFlex-avcdgpizbreltndcksdvuvkrjyfp/Build/Intermediates.noindex/SnapFlex.build/Debug-iphoneos/SnapFlex.build/DerivedSources/SnapFlex-Swift.h

SwiftDriverJobDiscovery normal arm64 Compiling RealCameraDevice.swift, SnapFlexApp.swift (in target 'SnapFlex' from project 'SnapFlex')

Copy /Users/andreamurru/Library/Developer/Xcode/DerivedData/SnapFlex-avcdgpizbreltndcksdvuvkrjyfp/Build/Products/Debug-iphoneos/SnapFlex.swiftmodule/arm64-apple-ios.swiftmodule /Users/andreamurru/Library/Developer/Xcode/DerivedData/SnapFlex-avcdgpizbreltndcksdvuvkrjyfp/Build/Intermediates.noindex/SnapFlex.build/Debug-iphoneos/SnapFlex.build/Objects-normal/arm64/SnapFlex.swiftmodule (in target 'SnapFlex' from project 'SnapFlex')
    cd /Users/andreamurru/SnapFlexBuild
    builtin-copy -exclude .DS_Store -exclude CVS -exclude .svn -exclude .git -exclude .hg -resolve-src-symlinks -rename /Users/andreamurru/Library/Developer/Xcode/DerivedData/SnapFlex-avcdgpizbreltndcksdvuvkrjyfp/Build/Intermediates.noindex/SnapFlex.build/Debug-iphoneos/SnapFlex.build/Objects-normal/arm64/SnapFlex.swiftmodule /Users/andreamurru/Library/Developer/Xcode/DerivedData/SnapFlex-avcdgpizbreltndcksdvuvkrjyfp/Build/Products/Debug-iphoneos/SnapFlex.swiftmodule/arm64-apple-ios.swiftmodule

Copy /Users/andreamurru/Library/Developer/Xcode/DerivedData/SnapFlex-avcdgpizbreltndcksdvuvkrjyfp/Build/Products/Debug-iphoneos/SnapFlex.swiftmodule/arm64-apple-ios.swiftdoc /Users/andreamurru/Library/Developer/Xcode/DerivedData/SnapFlex-avcdgpizbreltndcksdvuvkrjyfp/Build/Intermediates.noindex/SnapFlex.build/Debug-iphoneos/SnapFlex.build/Objects-normal/arm64/SnapFlex.swiftdoc (in target 'SnapFlex' from project 'SnapFlex')
    cd /Users/andreamurru/SnapFlexBuild
    builtin-copy -exclude .DS_Store -exclude CVS -exclude .svn -exclude .git -exclude .hg -resolve-src-symlinks -rename /Users/andreamurru/Library/Developer/Xcode/DerivedData/SnapFlex-avcdgpizbreltndcksdvuvkrjyfp/Build/Intermediates.noindex/SnapFlex.build/Debug-iphoneos/SnapFlex.build/Objects-normal/arm64/SnapFlex.swiftdoc /Users/andreamurru/Library/Developer/Xcode/DerivedData/SnapFlex-avcdgpizbreltndcksdvuvkrjyfp/Build/Products/Debug-iphoneos/SnapFlex.swiftmodule/arm64-apple-ios.swiftdoc

Copy /Users/andreamurru/Library/Developer/Xcode/DerivedData/SnapFlex-avcdgpizbreltndcksdvuvkrjyfp/Build/Products/Debug-iphoneos/SnapFlex.swiftmodule/arm64-apple-ios.abi.json /Users/andreamurru/Library/Developer/Xcode/DerivedData/SnapFlex-avcdgpizbreltndcksdvuvkrjyfp/Build/Intermediates.noindex/SnapFlex.build/Debug-iphoneos/SnapFlex.build/Objects-normal/arm64/SnapFlex.abi.json (in target 'SnapFlex' from project 'SnapFlex')
    cd /Users/andreamurru/SnapFlexBuild
    builtin-copy -exclude .DS_Store -exclude CVS -exclude .svn -exclude .git -exclude .hg -resolve-src-symlinks -rename /Users/andreamurru/Library/Developer/Xcode/DerivedData/SnapFlex-avcdgpizbreltndcksdvuvkrjyfp/Build/Intermediates.noindex/SnapFlex.build/Debug-iphoneos/SnapFlex.build/Objects-normal/arm64/SnapFlex.abi.json /Users/andreamurru/Library/Developer/Xcode/DerivedData/SnapFlex-avcdgpizbreltndcksdvuvkrjyfp/Build/Products/Debug-iphoneos/SnapFlex.swiftmodule/arm64-apple-ios.abi.json

SwiftDriverJobDiscovery normal arm64 Compiling OverlayMetalView.swift, OverlayPipeline.swift, ParameterBar.swift (in target 'SnapFlex' from project 'SnapFlex')

Copy /Users/andreamurru/Library/Developer/Xcode/DerivedData/SnapFlex-avcdgpizbreltndcksdvuvkrjyfp/Build/Products/Debug-iphoneos/SnapFlex.swiftmodule/Project/arm64-apple-ios.swiftsourceinfo /Users/andreamurru/Library/Developer/Xcode/DerivedData/SnapFlex-avcdgpizbreltndcksdvuvkrjyfp/Build/Intermediates.noindex/SnapFlex.build/Debug-iphoneos/SnapFlex.build/Objects-normal/arm64/SnapFlex.swiftsourceinfo (in target 'SnapFlex' from project 'SnapFlex')
    cd /Users/andreamurru/SnapFlexBuild
    builtin-copy -exclude .DS_Store -exclude CVS -exclude .svn -exclude .git -exclude .hg -resolve-src-symlinks -rename /Users/andreamurru/Library/Developer/Xcode/DerivedData/SnapFlex-avcdgpizbreltndcksdvuvkrjyfp/Build/Intermediates.noindex/SnapFlex.build/Debug-iphoneos/SnapFlex.build/Objects-normal/arm64/SnapFlex.swiftsourceinfo /Users/andreamurru/Library/Developer/Xcode/DerivedData/SnapFlex-avcdgpizbreltndcksdvuvkrjyfp/Build/Products/Debug-iphoneos/SnapFlex.swiftmodule/Project/arm64-apple-ios.swiftsourceinfo

SwiftDriverJobDiscovery normal arm64 Compiling GridLevelOverlay.swift, Haptics.swift, HistogramView.swift (in target 'SnapFlex' from project 'SnapFlex')

SwiftDriverJobDiscovery normal arm64 Compiling LongPreviewMetalView.swift, OrientationModel.swift, OverlayFrameDriver.swift (in target 'SnapFlex' from project 'SnapFlex')

SwiftDriver SnapFlexTests normal arm64 com.apple.xcode.tools.swift.compiler (in target 'SnapFlexTests' from project 'SnapFlex')
    cd /Users/andreamurru/SnapFlexBuild
    builtin-SwiftDriver -- /Applications/Xcode.app/Contents/Developer/Toolchains/XcodeDefault.xctoolchain/usr/bin/swiftc -module-name SnapFlexTests -Onone @/Users/andreamurru/Library/Developer/Xcode/DerivedData/SnapFlex-avcdgpizbreltndcksdvuvkrjyfp/Build/Intermediates.noindex/SnapFlex.build/Debug-iphoneos/SnapFlexTests.build/Objects-normal/arm64/SnapFlexTests.SwiftFileList -DDEBUG -plugin-path /Applications/Xcode.app/Contents/Developer/Toolchains/XcodeDefault.xctoolchain/usr/lib/swift/host/plugins/testing -enable-bare-slash-regex -enable-experimental-feature DebugDescriptionMacro -sdk /Applications/Xcode.app/Contents/Developer/Platforms/iPhoneOS.platform/Developer/SDKs/iPhoneOS26.5.sdk -target arm64-apple-ios18.0 -g -module-cache-path /Users/andreamurru/Library/Developer/Xcode/DerivedData/ModuleCache.noindex -Xfrontend -serialize-debugging-options -enable-testing -index-store-path /Users/andreamurru/Library/Developer/Xcode/DerivedData/SnapFlex-avcdgpizbreltndcksdvuvkrjyfp/Index.noindex/DataStore -Xcc -D_LIBCPP_HARDENING_MODE\=_LIBCPP_HARDENING_MODE_DEBUG -swift-version 5 -I /Users/andreamurru/Library/Developer/Xcode/DerivedData/SnapFlex-avcdgpizbreltndcksdvuvkrjyfp/Build/Products/Debug-iphoneos -Isystem /Applications/Xcode.app/Contents/Developer/Platforms/iPhoneOS.platform/Developer/usr/lib -F /Users/andreamurru/Library/Developer/Xcode/DerivedData/SnapFlex-avcdgpizbreltndcksdvuvkrjyfp/Build/Products/Debug-iphoneos/PackageFrameworks -F /Users/andreamurru/Library/Developer/Xcode/DerivedData/SnapFlex-avcdgpizbreltndcksdvuvkrjyfp/Build/Products/Debug-iphoneos -F /Applications/Xcode.app/Contents/Developer/Platforms/iPhoneOS.platform/Developer/Library/Frameworks -F /Applications/Xcode.app/Contents/Developer/Platforms/iPhoneOS.platform/Developer/SDKs/iPhoneOS26.5.sdk/Developer/Library/Frameworks -c -j10 -enable-batch-mode -incremental -Xcc -ivfsstatcache -Xcc /Users/andreamurru/Library/Developer/Xcode/DerivedData/SDKStatCaches.noindex/iphoneos26.5-23F73-688ef53f1462e2c8f657fdc38a81448f32daed1954a7d5dd0789fcaf2a9bb78b.sdkstatcache -output-file-map /Users/andreamurru/Library/Developer/Xcode/DerivedData/SnapFlex-avcdgpizbreltndcksdvuvkrjyfp/Build/Intermediates.noindex/SnapFlex.build/Debug-iphoneos/SnapFlexTests.build/Objects-normal/arm64/SnapFlexTests-OutputFileMap.json -use-frontend-parseable-output -save-temps -no-color-diagnostics -explicit-module-build -module-cache-path /Users/andreamurru/Library/Developer/Xcode/DerivedData/SnapFlex-avcdgpizbreltndcksdvuvkrjyfp/Build/Intermediates.noindex/SwiftExplicitPrecompiledModules -clang-scanner-module-cache-path /Users/andreamurru/Library/Developer/Xcode/DerivedData/ModuleCache.noindex -sdk-module-cache-path /Users/andreamurru/Library/Developer/Xcode/DerivedData/ModuleCache.noindex -serialize-diagnostics -emit-dependencies -emit-module -emit-module-path /Users/andreamurru/Library/Developer/Xcode/DerivedData/SnapFlex-avcdgpizbreltndcksdvuvkrjyfp/Build/Intermediates.noindex/SnapFlex.build/Debug-iphoneos/SnapFlexTests.build/Objects-normal/arm64/SnapFlexTests.swiftmodule -validate-clang-modules-once -clang-build-session-file /Users/andreamurru/Library/Developer/Xcode/DerivedData/ModuleCache.noindex/Session.modulevalidation -Xcc -I/Users/andreamurru/Library/Developer/Xcode/DerivedData/SnapFlex-avcdgpizbreltndcksdvuvkrjyfp/Build/Intermediates.noindex/SnapFlex.build/Debug-iphoneos/SnapFlexTests.build/swift-overrides.hmap -emit-const-values -Xfrontend -const-gather-protocols-file -Xfrontend /Users/andreamurru/Library/Developer/Xcode/DerivedData/SnapFlex-avcdgpizbreltndcksdvuvkrjyfp/Build/Intermediates.noindex/SnapFlex.build/Debug-iphoneos/SnapFlexTests.build/Objects-normal/arm64/SnapFlexTests_const_extract_protocols.json -Xcc -iquote -Xcc /Users/andreamurru/Library/Developer/Xcode/DerivedData/SnapFlex-avcdgpizbreltndcksdvuvkrjyfp/Build/Intermediates.noindex/SnapFlex.build/Debug-iphoneos/SnapFlexTests.build/SnapFlexTests-generated-files.hmap -Xcc -I/Users/andreamurru/Library/Developer/Xcode/DerivedData/SnapFlex-avcdgpizbreltndcksdvuvkrjyfp/Build/Intermediates.noindex/SnapFlex.build/Debug-iphoneos/SnapFlexTests.build/SnapFlexTests-own-target-headers.hmap -Xcc -I/Users/andreamurru/Library/Developer/Xcode/DerivedData/SnapFlex-avcdgpizbreltndcksdvuvkrjyfp/Build/Intermediates.noindex/SnapFlex.build/Debug-iphoneos/SnapFlexTests.build/SnapFlexTests-all-non-framework-target-headers.hmap -Xcc -ivfsoverlay -Xcc /Users/andreamurru/Library/Developer/Xcode/DerivedData/SnapFlex-avcdgpizbreltndcksdvuvkrjyfp/Build/Intermediates.noindex/SnapFlex.build/Debug-iphoneos/SnapFlex-0deaf04b0ddd94b0ab39d2d00cf13a33-VFS-iphoneos/all-product-headers.yaml -Xcc -iquote -Xcc /Users/andreamurru/Library/Developer/Xcode/DerivedData/SnapFlex-avcdgpizbreltndcksdvuvkrjyfp/Build/Intermediates.noindex/SnapFlex.build/Debug-iphoneos/SnapFlexTests.build/SnapFlexTests-project-headers.hmap -Xcc -I/Users/andreamurru/Library/Developer/Xcode/DerivedData/SnapFlex-avcdgpizbreltndcksdvuvkrjyfp/Build/Products/Debug-iphoneos/include -Xcc -I/Users/andreamurru/Library/Developer/Xcode/DerivedData/SnapFlex-avcdgpizbreltndcksdvuvkrjyfp/Build/Intermediates.noindex/SnapFlex.build/Debug-iphoneos/SnapFlexTests.build/DerivedSources-normal/arm64 -Xcc -I/Users/andreamurru/Library/Developer/Xcode/DerivedData/SnapFlex-avcdgpizbreltndcksdvuvkrjyfp/Build/Intermediates.noindex/SnapFlex.build/Debug-iphoneos/SnapFlexTests.build/DerivedSources/arm64 -Xcc -I/Users/andreamurru/Library/Developer/Xcode/DerivedData/SnapFlex-avcdgpizbreltndcksdvuvkrjyfp/Build/Intermediates.noindex/SnapFlex.build/Debug-iphoneos/SnapFlexTests.build/DerivedSources -Xcc -DDEBUG\=1 -emit-objc-header -emit-objc-header-path /Users/andreamurru/Library/Developer/Xcode/DerivedData/SnapFlex-avcdgpizbreltndcksdvuvkrjyfp/Build/Intermediates.noindex/SnapFlex.build/Debug-iphoneos/SnapFlexTests.build/Objects-normal/arm64/SnapFlexTests-Swift.h -working-directory /Users/andreamurru/SnapFlexBuild -experimental-emit-module-separately -disable-cmo

SwiftDriverJobDiscovery normal arm64 Compiling ParameterDial.swift, PermissionGate.swift (in target 'SnapFlex' from project 'SnapFlex')

SwiftDriverJobDiscovery normal arm64 Compiling ViewfinderScreen.swift, GeneratedAssetSymbols.swift (in target 'SnapFlex' from project 'SnapFlex')

SwiftDriverJobDiscovery normal arm64 Compiling PhotoCaptureCoordinator.swift, PreviewView.swift (in target 'SnapFlex' from project 'SnapFlex')

SwiftDriverJobDiscovery normal arm64 Compiling Theme.swift, TopBar.swift (in target 'SnapFlex' from project 'SnapFlex')

SwiftDriverJobDiscovery normal arm64 Compiling LongExposureAccumulator.swift, LongExposureController.swift, LongExposureHUD.swift (in target 'SnapFlex' from project 'SnapFlex')

SwiftDriver\ Compilation SnapFlex normal arm64 com.apple.xcode.tools.swift.compiler (in target 'SnapFlex' from project 'SnapFlex')
    cd /Users/andreamurru/SnapFlexBuild
    builtin-Swift-Compilation -- /Applications/Xcode.app/Contents/Developer/Toolchains/XcodeDefault.xctoolchain/usr/bin/swiftc -module-name SnapFlex -Onone @/Users/andreamurru/Library/Developer/Xcode/DerivedData/SnapFlex-avcdgpizbreltndcksdvuvkrjyfp/Build/Intermediates.noindex/SnapFlex.build/Debug-iphoneos/SnapFlex.build/Objects-normal/arm64/SnapFlex.SwiftFileList -DDEBUG -enable-bare-slash-regex -enable-experimental-feature DebugDescriptionMacro -sdk /Applications/Xcode.app/Contents/Developer/Platforms/iPhoneOS.platform/Developer/SDKs/iPhoneOS26.5.sdk -target arm64-apple-ios18.0 -g -module-cache-path /Users/andreamurru/Library/Developer/Xcode/DerivedData/ModuleCache.noindex -Xfrontend -serialize-debugging-options -enable-testing -index-store-path /Users/andreamurru/Library/Developer/Xcode/DerivedData/SnapFlex-avcdgpizbreltndcksdvuvkrjyfp/Index.noindex/DataStore -Xcc -D_LIBCPP_HARDENING_MODE\=_LIBCPP_HARDENING_MODE_DEBUG -swift-version 5 -I /Users/andreamurru/Library/Developer/Xcode/DerivedData/SnapFlex-avcdgpizbreltndcksdvuvkrjyfp/Build/Products/Debug-iphoneos -F /Users/andreamurru/Library/Developer/Xcode/DerivedData/SnapFlex-avcdgpizbreltndcksdvuvkrjyfp/Build/Products/Debug-iphoneos/PackageFrameworks -F /Users/andreamurru/Library/Developer/Xcode/DerivedData/SnapFlex-avcdgpizbreltndcksdvuvkrjyfp/Build/Products/Debug-iphoneos -c -j10 -enable-batch-mode -incremental -Xcc -ivfsstatcache -Xcc /Users/andreamurru/Library/Developer/Xcode/DerivedData/SDKStatCaches.noindex/iphoneos26.5-23F73-688ef53f1462e2c8f657fdc38a81448f32daed1954a7d5dd0789fcaf2a9bb78b.sdkstatcache -output-file-map /Users/andreamurru/Library/Developer/Xcode/DerivedData/SnapFlex-avcdgpizbreltndcksdvuvkrjyfp/Build/Intermediates.noindex/SnapFlex.build/Debug-iphoneos/SnapFlex.build/Objects-normal/arm64/SnapFlex-OutputFileMap.json -use-frontend-parseable-output -save-temps -no-color-diagnostics -explicit-module-build -module-cache-path /Users/andreamurru/Library/Developer/Xcode/DerivedData/SnapFlex-avcdgpizbreltndcksdvuvkrjyfp/Build/Intermediates.noindex/SwiftExplicitPrecompiledModules -clang-scanner-module-cache-path /Users/andreamurru/Library/Developer/Xcode/DerivedData/ModuleCache.noindex -sdk-module-cache-path /Users/andreamurru/Library/Developer/Xcode/DerivedData/ModuleCache.noindex -serialize-diagnostics -emit-dependencies -emit-module -emit-module-path /Users/andreamurru/Library/Developer/Xcode/DerivedData/SnapFlex-avcdgpizbreltndcksdvuvkrjyfp/Build/Intermediates.noindex/SnapFlex.build/Debug-iphoneos/SnapFlex.build/Objects-normal/arm64/SnapFlex.swiftmodule -validate-clang-modules-once -clang-build-session-file /Users/andreamurru/Library/Developer/Xcode/DerivedData/ModuleCache.noindex/Session.modulevalidation -Xcc -I/Users/andreamurru/Library/Developer/Xcode/DerivedData/SnapFlex-avcdgpizbreltndcksdvuvkrjyfp/Build/Intermediates.noindex/SnapFlex.build/Debug-iphoneos/SnapFlex.build/swift-overrides.hmap -emit-const-values -Xfrontend -const-gather-protocols-file -Xfrontend /Users/andreamurru/Library/Developer/Xcode/DerivedData/SnapFlex-avcdgpizbreltndcksdvuvkrjyfp/Build/Intermediates.noindex/SnapFlex.build/Debug-iphoneos/SnapFlex.build/Objects-normal/arm64/SnapFlex_const_extract_protocols.json -Xcc -iquote -Xcc /Users/andreamurru/Library/Developer/Xcode/DerivedData/SnapFlex-avcdgpizbreltndcksdvuvkrjyfp/Build/Intermediates.noindex/SnapFlex.build/Debug-iphoneos/SnapFlex.build/SnapFlex-generated-files.hmap -Xcc -I/Users/andreamurru/Library/Developer/Xcode/DerivedData/SnapFlex-avcdgpizbreltndcksdvuvkrjyfp/Build/Intermediates.noindex/SnapFlex.build/Debug-iphoneos/SnapFlex.build/SnapFlex-own-target-headers.hmap -Xcc -I/Users/andreamurru/Library/Developer/Xcode/DerivedData/SnapFlex-avcdgpizbreltndcksdvuvkrjyfp/Build/Intermediates.noindex/SnapFlex.build/Debug-iphoneos/SnapFlex.build/SnapFlex-all-non-framework-target-headers.hmap -Xcc -ivfsoverlay -Xcc /Users/andreamurru/Library/Developer/Xcode/DerivedData/SnapFlex-avcdgpizbreltndcksdvuvkrjyfp/Build/Intermediates.noindex/SnapFlex.build/Debug-iphoneos/SnapFlex-0deaf04b0ddd94b0ab39d2d00cf13a33-VFS-iphoneos/all-product-headers.yaml -Xcc -iquote -Xcc /Users/andreamurru/Library/Developer/Xcode/DerivedData/SnapFlex-avcdgpizbreltndcksdvuvkrjyfp/Build/Intermediates.noindex/SnapFlex.build/Debug-iphoneos/SnapFlex.build/SnapFlex-project-headers.hmap -Xcc -I/Users/andreamurru/Library/Developer/Xcode/DerivedData/SnapFlex-avcdgpizbreltndcksdvuvkrjyfp/Build/Products/Debug-iphoneos/include -Xcc -I/Users/andreamurru/Library/Developer/Xcode/DerivedData/SnapFlex-avcdgpizbreltndcksdvuvkrjyfp/Build/Intermediates.noindex/SnapFlex.build/Debug-iphoneos/SnapFlex.build/DerivedSources-normal/arm64 -Xcc -I/Users/andreamurru/Library/Developer/Xcode/DerivedData/SnapFlex-avcdgpizbreltndcksdvuvkrjyfp/Build/Intermediates.noindex/SnapFlex.build/Debug-iphoneos/SnapFlex.build/DerivedSources/arm64 -Xcc -I/Users/andreamurru/Library/Developer/Xcode/DerivedData/SnapFlex-avcdgpizbreltndcksdvuvkrjyfp/Build/Intermediates.noindex/SnapFlex.build/Debug-iphoneos/SnapFlex.build/DerivedSources -Xcc -DDEBUG\=1 -emit-objc-header -emit-objc-header-path /Users/andreamurru/Library/Developer/Xcode/DerivedData/SnapFlex-avcdgpizbreltndcksdvuvkrjyfp/Build/Intermediates.noindex/SnapFlex.build/Debug-iphoneos/SnapFlex.build/Objects-normal/arm64/SnapFlex-Swift.h -working-directory /Users/andreamurru/SnapFlexBuild -experimental-emit-module-separately -disable-cmo

Ld /Users/andreamurru/Library/Developer/Xcode/DerivedData/SnapFlex-avcdgpizbreltndcksdvuvkrjyfp/Build/Products/Debug-iphoneos/SnapFlex.app/SnapFlex.debug.dylib normal (in target 'SnapFlex' from project 'SnapFlex')
    cd /Users/andreamurru/SnapFlexBuild
    /Applications/Xcode.app/Contents/Developer/Toolchains/XcodeDefault.xctoolchain/usr/bin/clang -Xlinker -reproducible -target arm64-apple-ios18.0 -dynamiclib -isysroot /Applications/Xcode.app/Contents/Developer/Platforms/iPhoneOS.platform/Developer/SDKs/iPhoneOS26.5.sdk -O0 -L/Users/andreamurru/Library/Developer/Xcode/DerivedData/SnapFlex-avcdgpizbreltndcksdvuvkrjyfp/Build/Intermediates.noindex/EagerLinkingTBDs/Debug-iphoneos -L/Users/andreamurru/Library/Developer/Xcode/DerivedData/SnapFlex-avcdgpizbreltndcksdvuvkrjyfp/Build/Products/Debug-iphoneos -F/Users/andreamurru/Library/Developer/Xcode/DerivedData/SnapFlex-avcdgpizbreltndcksdvuvkrjyfp/Build/Intermediates.noindex/EagerLinkingTBDs/Debug-iphoneos -F/Users/andreamurru/Library/Developer/Xcode/DerivedData/SnapFlex-avcdgpizbreltndcksdvuvkrjyfp/Build/Products/Debug-iphoneos/PackageFrameworks -F/Users/andreamurru/Library/Developer/Xcode/DerivedData/SnapFlex-avcdgpizbreltndcksdvuvkrjyfp/Build/Products/Debug-iphoneos -filelist /Users/andreamurru/Library/Developer/Xcode/DerivedData/SnapFlex-avcdgpizbreltndcksdvuvkrjyfp/Build/Intermediates.noindex/SnapFlex.build/Debug-iphoneos/SnapFlex.build/Objects-normal/arm64/SnapFlex.LinkFileList -install_name @rpath/SnapFlex.debug.dylib -Xlinker -rpath -Xlinker /usr/lib/swift -Xlinker -rpath -Xlinker /Users/andreamurru/Library/Developer/Xcode/DerivedData/SnapFlex-avcdgpizbreltndcksdvuvkrjyfp/Build/Products/Debug-iphoneos/PackageFrameworks -Xlinker -rpath -Xlinker @executable_path/Frameworks -Xlinker -dead_strip -Xlinker -object_path_lto -Xlinker /Users/andreamurru/Library/Developer/Xcode/DerivedData/SnapFlex-avcdgpizbreltndcksdvuvkrjyfp/Build/Intermediates.noindex/SnapFlex.build/Debug-iphoneos/SnapFlex.build/Objects-normal/arm64/SnapFlex_lto.o -rdynamic -Xlinker -no_deduplicate -Xlinker -dependency_info -Xlinker /Users/andreamurru/Library/Developer/Xcode/DerivedData/SnapFlex-avcdgpizbreltndcksdvuvkrjyfp/Build/Intermediates.noindex/SnapFlex.build/Debug-iphoneos/SnapFlex.build/Objects-normal/arm64/SnapFlex_dependency_info.dat -fobjc-link-runtime -L/Applications/Xcode.app/Contents/Developer/Toolchains/XcodeDefault.xctoolchain/usr/lib/swift/iphoneos -L/usr/lib/swift -Xlinker -add_ast_path -Xlinker /Users/andreamurru/Library/Developer/Xcode/DerivedData/SnapFlex-avcdgpizbreltndcksdvuvkrjyfp/Build/Intermediates.noindex/SnapFlex.build/Debug-iphoneos/SnapFlex.build/Objects-normal/arm64/SnapFlex.swiftmodule @/Users/andreamurru/Library/Developer/Xcode/DerivedData/SnapFlex-avcdgpizbreltndcksdvuvkrjyfp/Build/Intermediates.noindex/SnapFlex.build/Debug-iphoneos/SnapFlex.build/Objects-normal/arm64/SnapFlex-linker-args.resp -Wl,-no_warn_duplicate_libraries -Xlinker -alias -Xlinker _main -Xlinker ___debug_main_executable_dylib_entry_point -Xlinker -no_adhoc_codesign -o /Users/andreamurru/Library/Developer/Xcode/DerivedData/SnapFlex-avcdgpizbreltndcksdvuvkrjyfp/Build/Products/Debug-iphoneos/SnapFlex.app/SnapFlex.debug.dylib -Xlinker -add_ast_path -Xlinker /Users/andreamurru/Library/Developer/Xcode/DerivedData/SnapFlex-avcdgpizbreltndcksdvuvkrjyfp/Build/Intermediates.noindex/SnapFlexCore.build/Debug-iphoneos/SnapFlexCore.build/Objects-normal/arm64/SnapFlexCore.swiftmodule @/Users/andreamurru/Library/Developer/Xcode/DerivedData/SnapFlex-avcdgpizbreltndcksdvuvkrjyfp/Build/Intermediates.noindex/SnapFlexCore.build/Debug-iphoneos/SnapFlexCore.build/Objects-normal/arm64/SnapFlexCore-linker-args.resp

SwiftExplicitDependencyCompileModuleFromInterface arm64 /Users/andreamurru/Library/Developer/Xcode/DerivedData/SnapFlex-avcdgpizbreltndcksdvuvkrjyfp/Build/Intermediates.noindex/SwiftExplicitPrecompiledModules/Testing-1D9QZV2O30BCJ.swiftmodule

ConstructStubExecutorLinkFileList /Users/andreamurru/Library/Developer/Xcode/DerivedData/SnapFlex-avcdgpizbreltndcksdvuvkrjyfp/Build/Intermediates.noindex/SnapFlex.build/Debug-iphoneos/SnapFlex.build/SnapFlex-ExecutorLinkFileList-normal-arm64.txt (in target 'SnapFlex' from project 'SnapFlex')
    cd /Users/andreamurru/SnapFlexBuild
    construct-stub-executor-link-file-list /Users/andreamurru/Library/Developer/Xcode/DerivedData/SnapFlex-avcdgpizbreltndcksdvuvkrjyfp/Build/Products/Debug-iphoneos/SnapFlex.app/SnapFlex.debug.dylib /Applications/Xcode.app/Contents/Developer/Platforms/iPhoneOS.platform/Developer/usr/lib/libPreviewsJITStubExecutor_no_swift_entry_point.a /Applications/Xcode.app/Contents/Developer/Platforms/iPhoneOS.platform/Developer/usr/lib/libPreviewsJITStubExecutor.a --output /Users/andreamurru/Library/Developer/Xcode/DerivedData/SnapFlex-avcdgpizbreltndcksdvuvkrjyfp/Build/Intermediates.noindex/SnapFlex.build/Debug-iphoneos/SnapFlex.build/SnapFlex-ExecutorLinkFileList-normal-arm64.txt
note: Using stub executor library with Swift entry point. (in target 'SnapFlex' from project 'SnapFlex')

Ld /Users/andreamurru/Library/Developer/Xcode/DerivedData/SnapFlex-avcdgpizbreltndcksdvuvkrjyfp/Build/Products/Debug-iphoneos/SnapFlex.app/SnapFlex normal (in target 'SnapFlex' from project 'SnapFlex')
    cd /Users/andreamurru/SnapFlexBuild
    /Applications/Xcode.app/Contents/Developer/Toolchains/XcodeDefault.xctoolchain/usr/bin/clang -Xlinker -reproducible -target arm64-apple-ios18.0 -isysroot /Applications/Xcode.app/Contents/Developer/Platforms/iPhoneOS.platform/Developer/SDKs/iPhoneOS26.5.sdk -O0 -L/Users/andreamurru/Library/Developer/Xcode/DerivedData/SnapFlex-avcdgpizbreltndcksdvuvkrjyfp/Build/Products/Debug-iphoneos -F/Users/andreamurru/Library/Developer/Xcode/DerivedData/SnapFlex-avcdgpizbreltndcksdvuvkrjyfp/Build/Products/Debug-iphoneos/PackageFrameworks -F/Users/andreamurru/Library/Developer/Xcode/DerivedData/SnapFlex-avcdgpizbreltndcksdvuvkrjyfp/Build/Products/Debug-iphoneos -Xlinker -rpath -Xlinker @executable_path -Xlinker -rpath -Xlinker /Users/andreamurru/Library/Developer/Xcode/DerivedData/SnapFlex-avcdgpizbreltndcksdvuvkrjyfp/Build/Products/Debug-iphoneos/PackageFrameworks -Xlinker -rpath -Xlinker @executable_path/Frameworks -rdynamic -Xlinker -no_deduplicate -e ___debug_blank_executor_main -Xlinker -sectcreate -Xlinker __TEXT -Xlinker __debug_dylib -Xlinker /Users/andreamurru/Library/Developer/Xcode/DerivedData/SnapFlex-avcdgpizbreltndcksdvuvkrjyfp/Build/Intermediates.noindex/SnapFlex.build/Debug-iphoneos/SnapFlex.build/SnapFlex-DebugDylibPath-normal-arm64.txt -Xlinker -sectcreate -Xlinker __TEXT -Xlinker __debug_instlnm -Xlinker /Users/andreamurru/Library/Developer/Xcode/DerivedData/SnapFlex-avcdgpizbreltndcksdvuvkrjyfp/Build/Intermediates.noindex/SnapFlex.build/Debug-iphoneos/SnapFlex.build/SnapFlex-DebugDylibInstallName-normal-arm64.txt -Xlinker -filelist -Xlinker /Users/andreamurru/Library/Developer/Xcode/DerivedData/SnapFlex-avcdgpizbreltndcksdvuvkrjyfp/Build/Intermediates.noindex/SnapFlex.build/Debug-iphoneos/SnapFlex.build/SnapFlex-ExecutorLinkFileList-normal-arm64.txt /Users/andreamurru/Library/Developer/Xcode/DerivedData/SnapFlex-avcdgpizbreltndcksdvuvkrjyfp/Build/Products/Debug-iphoneos/SnapFlex.app/SnapFlex.debug.dylib -Xlinker -no_adhoc_codesign -o /Users/andreamurru/Library/Developer/Xcode/DerivedData/SnapFlex-avcdgpizbreltndcksdvuvkrjyfp/Build/Products/Debug-iphoneos/SnapFlex.app/SnapFlex

SwiftExplicitDependencyCompileModuleFromInterface arm64 /Users/andreamurru/Library/Developer/Xcode/DerivedData/SnapFlex-avcdgpizbreltndcksdvuvkrjyfp/Build/Intermediates.noindex/SwiftExplicitPrecompiledModules/_Testing_CoreGraphics-P9WL5PAP69BH.swiftmodule

SwiftExplicitDependencyCompileModuleFromInterface arm64 /Users/andreamurru/Library/Developer/Xcode/DerivedData/SnapFlex-avcdgpizbreltndcksdvuvkrjyfp/Build/Intermediates.noindex/SwiftExplicitPrecompiledModules/_Testing_Foundation-2T08ZSY73UO9Q.swiftmodule

SwiftExplicitDependencyCompileModuleFromInterface arm64 /Users/andreamurru/Library/Developer/Xcode/DerivedData/SnapFlex-avcdgpizbreltndcksdvuvkrjyfp/Build/Intermediates.noindex/SwiftExplicitPrecompiledModules/_Testing_UIKit-167F06FFGWYXL.swiftmodule

SwiftCompile normal arm64 Compiling\ SmokeTests.swift /Users/andreamurru/SnapFlexBuild/Tests/SmokeTests.swift (in target 'SnapFlexTests' from project 'SnapFlex')

SwiftCompile normal arm64 /Users/andreamurru/SnapFlexBuild/Tests/SmokeTests.swift (in target 'SnapFlexTests' from project 'SnapFlex')
    cd /Users/andreamurru/SnapFlexBuild
    

SwiftCompile normal arm64 Compiling\ OrientationModelTests.swift /Users/andreamurru/SnapFlexBuild/Tests/OrientationModelTests.swift (in target 'SnapFlexTests' from project 'SnapFlex')

SwiftCompile normal arm64 /Users/andreamurru/SnapFlexBuild/Tests/OrientationModelTests.swift (in target 'SnapFlexTests' from project 'SnapFlex')
    cd /Users/andreamurru/SnapFlexBuild
    

SwiftCompile normal arm64 Compiling\ ShaderTests.swift /Users/andreamurru/SnapFlexBuild/Tests/ShaderTests.swift (in target 'SnapFlexTests' from project 'SnapFlex')

SwiftCompile normal arm64 /Users/andreamurru/SnapFlexBuild/Tests/ShaderTests.swift (in target 'SnapFlexTests' from project 'SnapFlex')
    cd /Users/andreamurru/SnapFlexBuild
    

SwiftCompile normal arm64 Compiling\ PhotoCaptureCoordinatorTests.swift /Users/andreamurru/SnapFlexBuild/Tests/PhotoCaptureCoordinatorTests.swift (in target 'SnapFlexTests' from project 'SnapFlex')

SwiftCompile normal arm64 /Users/andreamurru/SnapFlexBuild/Tests/PhotoCaptureCoordinatorTests.swift (in target 'SnapFlexTests' from project 'SnapFlex')
    cd /Users/andreamurru/SnapFlexBuild
    

SwiftEmitModule normal arm64 Emitting\ module\ for\ SnapFlexTests (in target 'SnapFlexTests' from project 'SnapFlex')

EmitSwiftModule normal arm64 (in target 'SnapFlexTests' from project 'SnapFlex')
    cd /Users/andreamurru/SnapFlexBuild
    

SwiftCompile normal arm64 Compiling\ FakeCameraDevice.swift /Users/andreamurru/SnapFlexBuild/Tests/FakeCameraDevice.swift (in target 'SnapFlexTests' from project 'SnapFlex')

SwiftCompile normal arm64 /Users/andreamurru/SnapFlexBuild/Tests/FakeCameraDevice.swift (in target 'SnapFlexTests' from project 'SnapFlex')
    cd /Users/andreamurru/SnapFlexBuild
    

SwiftCompile normal arm64 Compiling\ DeviceSettingsReproTests.swift /Users/andreamurru/SnapFlexBuild/Tests/DeviceSettingsReproTests.swift (in target 'SnapFlexTests' from project 'SnapFlex')

SwiftCompile normal arm64 /Users/andreamurru/SnapFlexBuild/Tests/DeviceSettingsReproTests.swift (in target 'SnapFlexTests' from project 'SnapFlex')
    cd /Users/andreamurru/SnapFlexBuild
    

SwiftCompile normal arm64 Compiling\ LongControllerTests.swift /Users/andreamurru/SnapFlexBuild/Tests/LongControllerTests.swift (in target 'SnapFlexTests' from project 'SnapFlex')

SwiftCompile normal arm64 /Users/andreamurru/SnapFlexBuild/Tests/LongControllerTests.swift (in target 'SnapFlexTests' from project 'SnapFlex')
    cd /Users/andreamurru/SnapFlexBuild
    

SwiftCompile normal arm64 Compiling\ LongAccumulatorTests.swift /Users/andreamurru/SnapFlexBuild/Tests/LongAccumulatorTests.swift (in target 'SnapFlexTests' from project 'SnapFlex')

SwiftCompile normal arm64 /Users/andreamurru/SnapFlexBuild/Tests/LongAccumulatorTests.swift (in target 'SnapFlexTests' from project 'SnapFlex')
    cd /Users/andreamurru/SnapFlexBuild
    

SwiftCompile normal arm64 Compiling\ CaptureStoreTests.swift /Users/andreamurru/SnapFlexBuild/Tests/CaptureStoreTests.swift (in target 'SnapFlexTests' from project 'SnapFlex')
SwiftCompile normal arm64 /Users/andreamurru/SnapFlexBuild/Tests/CaptureStoreTests.swift (in target 'SnapFlexTests' from project 'SnapFlex')
    cd /Users/andreamurru/SnapFlexBuild
    
/Users/andreamurru/SnapFlexBuild/Tests/CaptureStoreTests.swift:101:21: warning: immutable value 'library' was never used; consider replacing with '_' or removing it
        let (store, library, dir) = makeStore(authorized: false)
                    ^~~~~~~
                    _

SwiftDriverJobDiscovery normal arm64 Compiling FakeCameraDevice.swift (in target 'SnapFlexTests' from project 'SnapFlex')

SwiftCompile normal arm64 Compiling\ CameraEngineTests.swift /Users/andreamurru/SnapFlexBuild/Tests/CameraEngineTests.swift (in target 'SnapFlexTests' from project 'SnapFlex')
SwiftCompile normal arm64 /Users/andreamurru/SnapFlexBuild/Tests/CameraEngineTests.swift (in target 'SnapFlexTests' from project 'SnapFlex')
    cd /Users/andreamurru/SnapFlexBuild
    

SwiftDriverJobDiscovery normal arm64 Compiling SmokeTests.swift (in target 'SnapFlexTests' from project 'SnapFlex')

SwiftDriverJobDiscovery normal arm64 Compiling DeviceSettingsReproTests.swift (in target 'SnapFlexTests' from project 'SnapFlex')

SwiftDriverJobDiscovery normal arm64 Compiling OrientationModelTests.swift (in target 'SnapFlexTests' from project 'SnapFlex')

SwiftDriverJobDiscovery normal arm64 Emitting module for SnapFlexTests (in target 'SnapFlexTests' from project 'SnapFlex')

SwiftDriver\ Compilation\ Requirements SnapFlexTests normal arm64 com.apple.xcode.tools.swift.compiler (in target 'SnapFlexTests' from project 'SnapFlex')
    cd /Users/andreamurru/SnapFlexBuild
    builtin-Swift-Compilation-Requirements -- /Applications/Xcode.app/Contents/Developer/Toolchains/XcodeDefault.xctoolchain/usr/bin/swiftc -module-name SnapFlexTests -Onone @/Users/andreamurru/Library/Developer/Xcode/DerivedData/SnapFlex-avcdgpizbreltndcksdvuvkrjyfp/Build/Intermediates.noindex/SnapFlex.build/Debug-iphoneos/SnapFlexTests.build/Objects-normal/arm64/SnapFlexTests.SwiftFileList -DDEBUG -plugin-path /Applications/Xcode.app/Contents/Developer/Toolchains/XcodeDefault.xctoolchain/usr/lib/swift/host/plugins/testing -enable-bare-slash-regex -enable-experimental-feature DebugDescriptionMacro -sdk /Applications/Xcode.app/Contents/Developer/Platforms/iPhoneOS.platform/Developer/SDKs/iPhoneOS26.5.sdk -target arm64-apple-ios18.0 -g -module-cache-path /Users/andreamurru/Library/Developer/Xcode/DerivedData/ModuleCache.noindex -Xfrontend -serialize-debugging-options -enable-testing -index-store-path /Users/andreamurru/Library/Developer/Xcode/DerivedData/SnapFlex-avcdgpizbreltndcksdvuvkrjyfp/Index.noindex/DataStore -Xcc -D_LIBCPP_HARDENING_MODE\=_LIBCPP_HARDENING_MODE_DEBUG -swift-version 5 -I /Users/andreamurru/Library/Developer/Xcode/DerivedData/SnapFlex-avcdgpizbreltndcksdvuvkrjyfp/Build/Products/Debug-iphoneos -Isystem /Applications/Xcode.app/Contents/Developer/Platforms/iPhoneOS.platform/Developer/usr/lib -F /Users/andreamurru/Library/Developer/Xcode/DerivedData/SnapFlex-avcdgpizbreltndcksdvuvkrjyfp/Build/Products/Debug-iphoneos/PackageFrameworks -F /Users/andreamurru/Library/Developer/Xcode/DerivedData/SnapFlex-avcdgpizbreltndcksdvuvkrjyfp/Build/Products/Debug-iphoneos -F /Applications/Xcode.app/Contents/Developer/Platforms/iPhoneOS.platform/Developer/Library/Frameworks -F /Applications/Xcode.app/Contents/Developer/Platforms/iPhoneOS.platform/Developer/SDKs/iPhoneOS26.5.sdk/Developer/Library/Frameworks -c -j10 -enable-batch-mode -incremental -Xcc -ivfsstatcache -Xcc /Users/andreamurru/Library/Developer/Xcode/DerivedData/SDKStatCaches.noindex/iphoneos26.5-23F73-688ef53f1462e2c8f657fdc38a81448f32daed1954a7d5dd0789fcaf2a9bb78b.sdkstatcache -output-file-map /Users/andreamurru/Library/Developer/Xcode/DerivedData/SnapFlex-avcdgpizbreltndcksdvuvkrjyfp/Build/Intermediates.noindex/SnapFlex.build/Debug-iphoneos/SnapFlexTests.build/Objects-normal/arm64/SnapFlexTests-OutputFileMap.json -use-frontend-parseable-output -save-temps -no-color-diagnostics -explicit-module-build -module-cache-path /Users/andreamurru/Library/Developer/Xcode/DerivedData/SnapFlex-avcdgpizbreltndcksdvuvkrjyfp/Build/Intermediates.noindex/SwiftExplicitPrecompiledModules -clang-scanner-module-cache-path /Users/andreamurru/Library/Developer/Xcode/DerivedData/ModuleCache.noindex -sdk-module-cache-path /Users/andreamurru/Library/Developer/Xcode/DerivedData/ModuleCache.noindex -serialize-diagnostics -emit-dependencies -emit-module -emit-module-path /Users/andreamurru/Library/Developer/Xcode/DerivedData/SnapFlex-avcdgpizbreltndcksdvuvkrjyfp/Build/Intermediates.noindex/SnapFlex.build/Debug-iphoneos/SnapFlexTests.build/Objects-normal/arm64/SnapFlexTests.swiftmodule -validate-clang-modules-once -clang-build-session-file /Users/andreamurru/Library/Developer/Xcode/DerivedData/ModuleCache.noindex/Session.modulevalidation -Xcc -I/Users/andreamurru/Library/Developer/Xcode/DerivedData/SnapFlex-avcdgpizbreltndcksdvuvkrjyfp/Build/Intermediates.noindex/SnapFlex.build/Debug-iphoneos/SnapFlexTests.build/swift-overrides.hmap -emit-const-values -Xfrontend -const-gather-protocols-file -Xfrontend /Users/andreamurru/Library/Developer/Xcode/DerivedData/SnapFlex-avcdgpizbreltndcksdvuvkrjyfp/Build/Intermediates.noindex/SnapFlex.build/Debug-iphoneos/SnapFlexTests.build/Objects-normal/arm64/SnapFlexTests_const_extract_protocols.json -Xcc -iquote -Xcc /Users/andreamurru/Library/Developer/Xcode/DerivedData/SnapFlex-avcdgpizbreltndcksdvuvkrjyfp/Build/Intermediates.noindex/SnapFlex.build/Debug-iphoneos/SnapFlexTests.build/SnapFlexTests-generated-files.hmap -Xcc -I/Users/andreamurru/Library/Developer/Xcode/DerivedData/SnapFlex-avcdgpizbreltndcksdvuvkrjyfp/Build/Intermediates.noindex/SnapFlex.build/Debug-iphoneos/SnapFlexTests.build/SnapFlexTests-own-target-headers.hmap -Xcc -I/Users/andreamurru/Library/Developer/Xcode/DerivedData/SnapFlex-avcdgpizbreltndcksdvuvkrjyfp/Build/Intermediates.noindex/SnapFlex.build/Debug-iphoneos/SnapFlexTests.build/SnapFlexTests-all-non-framework-target-headers.hmap -Xcc -ivfsoverlay -Xcc /Users/andreamurru/Library/Developer/Xcode/DerivedData/SnapFlex-avcdgpizbreltndcksdvuvkrjyfp/Build/Intermediates.noindex/SnapFlex.build/Debug-iphoneos/SnapFlex-0deaf04b0ddd94b0ab39d2d00cf13a33-VFS-iphoneos/all-product-headers.yaml -Xcc -iquote -Xcc /Users/andreamurru/Library/Developer/Xcode/DerivedData/SnapFlex-avcdgpizbreltndcksdvuvkrjyfp/Build/Intermediates.noindex/SnapFlex.build/Debug-iphoneos/SnapFlexTests.build/SnapFlexTests-project-headers.hmap -Xcc -I/Users/andreamurru/Library/Developer/Xcode/DerivedData/SnapFlex-avcdgpizbreltndcksdvuvkrjyfp/Build/Products/Debug-iphoneos/include -Xcc -I/Users/andreamurru/Library/Developer/Xcode/DerivedData/SnapFlex-avcdgpizbreltndcksdvuvkrjyfp/Build/Intermediates.noindex/SnapFlex.build/Debug-iphoneos/SnapFlexTests.build/DerivedSources-normal/arm64 -Xcc -I/Users/andreamurru/Library/Developer/Xcode/DerivedData/SnapFlex-avcdgpizbreltndcksdvuvkrjyfp/Build/Intermediates.noindex/SnapFlex.build/Debug-iphoneos/SnapFlexTests.build/DerivedSources/arm64 -Xcc -I/Users/andreamurru/Library/Developer/Xcode/DerivedData/SnapFlex-avcdgpizbreltndcksdvuvkrjyfp/Build/Intermediates.noindex/SnapFlex.build/Debug-iphoneos/SnapFlexTests.build/DerivedSources -Xcc -DDEBUG\=1 -emit-objc-header -emit-objc-header-path /Users/andreamurru/Library/Developer/Xcode/DerivedData/SnapFlex-avcdgpizbreltndcksdvuvkrjyfp/Build/Intermediates.noindex/SnapFlex.build/Debug-iphoneos/SnapFlexTests.build/Objects-normal/arm64/SnapFlexTests-Swift.h -working-directory /Users/andreamurru/SnapFlexBuild -experimental-emit-module-separately -disable-cmo

SwiftMergeGeneratedHeaders /Users/andreamurru/Library/Developer/Xcode/DerivedData/SnapFlex-avcdgpizbreltndcksdvuvkrjyfp/Build/Intermediates.noindex/SnapFlex.build/Debug-iphoneos/SnapFlexTests.build/DerivedSources/SnapFlexTests-Swift.h /Users/andreamurru/Library/Developer/Xcode/DerivedData/SnapFlex-avcdgpizbreltndcksdvuvkrjyfp/Build/Intermediates.noindex/SnapFlex.build/Debug-iphoneos/SnapFlexTests.build/Objects-normal/arm64/SnapFlexTests-Swift.h (in target 'SnapFlexTests' from project 'SnapFlex')
    cd /Users/andreamurru/SnapFlexBuild
    builtin-swiftHeaderTool -arch arm64 /Users/andreamurru/Library/Developer/Xcode/DerivedData/SnapFlex-avcdgpizbreltndcksdvuvkrjyfp/Build/Intermediates.noindex/SnapFlex.build/Debug-iphoneos/SnapFlexTests.build/Objects-normal/arm64/SnapFlexTests-Swift.h -o /Users/andreamurru/Library/Developer/Xcode/DerivedData/SnapFlex-avcdgpizbreltndcksdvuvkrjyfp/Build/Intermediates.noindex/SnapFlex.build/Debug-iphoneos/SnapFlexTests.build/DerivedSources/SnapFlexTests-Swift.h

Copy /Users/andreamurru/Library/Developer/Xcode/DerivedData/SnapFlex-avcdgpizbreltndcksdvuvkrjyfp/Build/Products/Debug-iphoneos/SnapFlexTests.swiftmodule/arm64-apple-ios.swiftmodule /Users/andreamurru/Library/Developer/Xcode/DerivedData/SnapFlex-avcdgpizbreltndcksdvuvkrjyfp/Build/Intermediates.noindex/SnapFlex.build/Debug-iphoneos/SnapFlexTests.build/Objects-normal/arm64/SnapFlexTests.swiftmodule (in target 'SnapFlexTests' from project 'SnapFlex')
    cd /Users/andreamurru/SnapFlexBuild
    builtin-copy -exclude .DS_Store -exclude CVS -exclude .svn -exclude .git -exclude .hg -resolve-src-symlinks -rename /Users/andreamurru/Library/Developer/Xcode/DerivedData/SnapFlex-avcdgpizbreltndcksdvuvkrjyfp/Build/Intermediates.noindex/SnapFlex.build/Debug-iphoneos/SnapFlexTests.build/Objects-normal/arm64/SnapFlexTests.swiftmodule /Users/andreamurru/Library/Developer/Xcode/DerivedData/SnapFlex-avcdgpizbreltndcksdvuvkrjyfp/Build/Products/Debug-iphoneos/SnapFlexTests.swiftmodule/arm64-apple-ios.swiftmodule

Copy /Users/andreamurru/Library/Developer/Xcode/DerivedData/SnapFlex-avcdgpizbreltndcksdvuvkrjyfp/Build/Products/Debug-iphoneos/SnapFlexTests.swiftmodule/arm64-apple-ios.swiftdoc /Users/andreamurru/Library/Developer/Xcode/DerivedData/SnapFlex-avcdgpizbreltndcksdvuvkrjyfp/Build/Intermediates.noindex/SnapFlex.build/Debug-iphoneos/SnapFlexTests.build/Objects-normal/arm64/SnapFlexTests.swiftdoc (in target 'SnapFlexTests' from project 'SnapFlex')
    cd /Users/andreamurru/SnapFlexBuild
    builtin-copy -exclude .DS_Store -exclude CVS -exclude .svn -exclude .git -exclude .hg -resolve-src-symlinks -rename /Users/andreamurru/Library/Developer/Xcode/DerivedData/SnapFlex-avcdgpizbreltndcksdvuvkrjyfp/Build/Intermediates.noindex/SnapFlex.build/Debug-iphoneos/SnapFlexTests.build/Objects-normal/arm64/SnapFlexTests.swiftdoc /Users/andreamurru/Library/Developer/Xcode/DerivedData/SnapFlex-avcdgpizbreltndcksdvuvkrjyfp/Build/Products/Debug-iphoneos/SnapFlexTests.swiftmodule/arm64-apple-ios.swiftdoc

Copy /Users/andreamurru/Library/Developer/Xcode/DerivedData/SnapFlex-avcdgpizbreltndcksdvuvkrjyfp/Build/Products/Debug-iphoneos/SnapFlexTests.swiftmodule/arm64-apple-ios.abi.json /Users/andreamurru/Library/Developer/Xcode/DerivedData/SnapFlex-avcdgpizbreltndcksdvuvkrjyfp/Build/Intermediates.noindex/SnapFlex.build/Debug-iphoneos/SnapFlexTests.build/Objects-normal/arm64/SnapFlexTests.abi.json (in target 'SnapFlexTests' from project 'SnapFlex')
    cd /Users/andreamurru/SnapFlexBuild
    builtin-copy -exclude .DS_Store -exclude CVS -exclude .svn -exclude .git -exclude .hg -resolve-src-symlinks -rename /Users/andreamurru/Library/Developer/Xcode/DerivedData/SnapFlex-avcdgpizbreltndcksdvuvkrjyfp/Build/Intermediates.noindex/SnapFlex.build/Debug-iphoneos/SnapFlexTests.build/Objects-normal/arm64/SnapFlexTests.abi.json /Users/andreamurru/Library/Developer/Xcode/DerivedData/SnapFlex-avcdgpizbreltndcksdvuvkrjyfp/Build/Products/Debug-iphoneos/SnapFlexTests.swiftmodule/arm64-apple-ios.abi.json

Copy /Users/andreamurru/Library/Developer/Xcode/DerivedData/SnapFlex-avcdgpizbreltndcksdvuvkrjyfp/Build/Products/Debug-iphoneos/SnapFlexTests.swiftmodule/Project/arm64-apple-ios.swiftsourceinfo /Users/andreamurru/Library/Developer/Xcode/DerivedData/SnapFlex-avcdgpizbreltndcksdvuvkrjyfp/Build/Intermediates.noindex/SnapFlex.build/Debug-iphoneos/SnapFlexTests.build/Objects-normal/arm64/SnapFlexTests.swiftsourceinfo (in target 'SnapFlexTests' from project 'SnapFlex')
    cd /Users/andreamurru/SnapFlexBuild
    builtin-copy -exclude .DS_Store -exclude CVS -exclude .svn -exclude .git -exclude .hg -resolve-src-symlinks -rename /Users/andreamurru/Library/Developer/Xcode/DerivedData/SnapFlex-avcdgpizbreltndcksdvuvkrjyfp/Build/Intermediates.noindex/SnapFlex.build/Debug-iphoneos/SnapFlexTests.build/Objects-normal/arm64/SnapFlexTests.swiftsourceinfo /Users/andreamurru/Library/Developer/Xcode/DerivedData/SnapFlex-avcdgpizbreltndcksdvuvkrjyfp/Build/Products/Debug-iphoneos/SnapFlexTests.swiftmodule/Project/arm64-apple-ios.swiftsourceinfo

SwiftDriverJobDiscovery normal arm64 Compiling LongControllerTests.swift (in target 'SnapFlexTests' from project 'SnapFlex')

SwiftDriverJobDiscovery normal arm64 Compiling ShaderTests.swift (in target 'SnapFlexTests' from project 'SnapFlex')

SwiftDriverJobDiscovery normal arm64 Compiling PhotoCaptureCoordinatorTests.swift (in target 'SnapFlexTests' from project 'SnapFlex')

SwiftDriverJobDiscovery normal arm64 Compiling LongAccumulatorTests.swift (in target 'SnapFlexTests' from project 'SnapFlex')

LinkAssetCatalog /Users/andreamurru/SnapFlexBuild/App/Assets.xcassets (in target 'SnapFlex' from project 'SnapFlex')
    cd /Users/andreamurru/SnapFlexBuild
    builtin-linkAssetCatalog --thinned /Users/andreamurru/Library/Developer/Xcode/DerivedData/SnapFlex-avcdgpizbreltndcksdvuvkrjyfp/Build/Intermediates.noindex/SnapFlex.build/Debug-iphoneos/SnapFlex.build/assetcatalog_output/thinned --thinned-dependencies /Users/andreamurru/Library/Developer/Xcode/DerivedData/SnapFlex-avcdgpizbreltndcksdvuvkrjyfp/Build/Intermediates.noindex/SnapFlex.build/Debug-iphoneos/SnapFlex.build/assetcatalog_dependencies_thinned --thinned-info-plist-content /Users/andreamurru/Library/Developer/Xcode/DerivedData/SnapFlex-avcdgpizbreltndcksdvuvkrjyfp/Build/Intermediates.noindex/SnapFlex.build/Debug-iphoneos/SnapFlex.build/assetcatalog_generated_info.plist_thinned --unthinned /Users/andreamurru/Library/Developer/Xcode/DerivedData/SnapFlex-avcdgpizbreltndcksdvuvkrjyfp/Build/Intermediates.noindex/SnapFlex.build/Debug-iphoneos/SnapFlex.build/assetcatalog_output/unthinned --unthinned-dependencies /Users/andreamurru/Library/Developer/Xcode/DerivedData/SnapFlex-avcdgpizbreltndcksdvuvkrjyfp/Build/Intermediates.noindex/SnapFlex.build/Debug-iphoneos/SnapFlex.build/assetcatalog_dependencies_unthinned --unthinned-info-plist-content /Users/andreamurru/Library/Developer/Xcode/DerivedData/SnapFlex-avcdgpizbreltndcksdvuvkrjyfp/Build/Intermediates.noindex/SnapFlex.build/Debug-iphoneos/SnapFlex.build/assetcatalog_generated_info.plist_unthinned --output /Users/andreamurru/Library/Developer/Xcode/DerivedData/SnapFlex-avcdgpizbreltndcksdvuvkrjyfp/Build/Products/Debug-iphoneos/SnapFlex.app --plist-output /Users/andreamurru/Library/Developer/Xcode/DerivedData/SnapFlex-avcdgpizbreltndcksdvuvkrjyfp/Build/Intermediates.noindex/SnapFlex.build/Debug-iphoneos/SnapFlex.build/assetcatalog_generated_info.plist
note: Emplaced /Users/andreamurru/Library/Developer/Xcode/DerivedData/SnapFlex-avcdgpizbreltndcksdvuvkrjyfp/Build/Products/Debug-iphoneos/SnapFlex.app/Assets.car (in target 'SnapFlex' from project 'SnapFlex')
note: Emplaced /Users/andreamurru/Library/Developer/Xcode/DerivedData/SnapFlex-avcdgpizbreltndcksdvuvkrjyfp/Build/Products/Debug-iphoneos/SnapFlex.app/AppIcon60x60@2x.png (in target 'SnapFlex' from project 'SnapFlex')
note: Emplaced /Users/andreamurru/Library/Developer/Xcode/DerivedData/SnapFlex-avcdgpizbreltndcksdvuvkrjyfp/Build/Products/Debug-iphoneos/SnapFlex.app/AppIcon76x76@2x~ipad.png (in target 'SnapFlex' from project 'SnapFlex')

ProcessInfoPlistFile /Users/andreamurru/Library/Developer/Xcode/DerivedData/SnapFlex-avcdgpizbreltndcksdvuvkrjyfp/Build/Products/Debug-iphoneos/SnapFlex.app/Info.plist /Users/andreamurru/Library/Developer/Xcode/DerivedData/SnapFlex-avcdgpizbreltndcksdvuvkrjyfp/Build/Intermediates.noindex/SnapFlex.build/Debug-iphoneos/SnapFlex.build/empty-SnapFlex.plist (in target 'SnapFlex' from project 'SnapFlex')
    cd /Users/andreamurru/SnapFlexBuild
    builtin-infoPlistUtility /Users/andreamurru/Library/Developer/Xcode/DerivedData/SnapFlex-avcdgpizbreltndcksdvuvkrjyfp/Build/Intermediates.noindex/SnapFlex.build/Debug-iphoneos/SnapFlex.build/empty-SnapFlex.plist -producttype com.apple.product-type.application -genpkginfo /Users/andreamurru/Library/Developer/Xcode/DerivedData/SnapFlex-avcdgpizbreltndcksdvuvkrjyfp/Build/Products/Debug-iphoneos/SnapFlex.app/PkgInfo -expandbuildsettings -format binary -platform iphoneos -additionalcontentfile /Users/andreamurru/Library/Developer/Xcode/DerivedData/SnapFlex-avcdgpizbreltndcksdvuvkrjyfp/Build/Intermediates.noindex/SnapFlex.build/Debug-iphoneos/SnapFlex.build/assetcatalog_generated_info.plist -requiredArchitecture arm64 -o /Users/andreamurru/Library/Developer/Xcode/DerivedData/SnapFlex-avcdgpizbreltndcksdvuvkrjyfp/Build/Products/Debug-iphoneos/SnapFlex.app/Info.plist

ExtractAppIntentsMetadata (in target 'SnapFlex' from project 'SnapFlex')
    cd /Users/andreamurru/SnapFlexBuild
    /Applications/Xcode.app/Contents/Developer/Toolchains/XcodeDefault.xctoolchain/usr/bin/appintentsmetadataprocessor --toolchain-dir /var/run/com.apple.security.cryptexd/mnt/com.apple.MobileAsset.MetalToolchain-v17.6.42.0.flgQIa/Metal.xctoolchain --module-name SnapFlex --sdk-root /Applications/Xcode.app/Contents/Developer/Platforms/iPhoneOS.platform/Developer/SDKs/iPhoneOS26.5.sdk --xcode-version 17F42 --platform-family iOS --deployment-target 18.0 --bundle-identifier co.SnapFlex --output /Users/andreamurru/Library/Developer/Xcode/DerivedData/SnapFlex-avcdgpizbreltndcksdvuvkrjyfp/Build/Products/Debug-iphoneos/SnapFlex.app --target-triple arm64-apple-ios18.0 --binary-file /Users/andreamurru/Library/Developer/Xcode/DerivedData/SnapFlex-avcdgpizbreltndcksdvuvkrjyfp/Build/Products/Debug-iphoneos/SnapFlex.app/SnapFlex --dependency-file /Users/andreamurru/Library/Developer/Xcode/DerivedData/SnapFlex-avcdgpizbreltndcksdvuvkrjyfp/Build/Intermediates.noindex/SnapFlex.build/Debug-iphoneos/SnapFlex.build/Objects-normal/arm64/SnapFlex_dependency_info.dat --stringsdata-file /Users/andreamurru/Library/Developer/Xcode/DerivedData/SnapFlex-avcdgpizbreltndcksdvuvkrjyfp/Build/Intermediates.noindex/SnapFlex.build/Debug-iphoneos/SnapFlex.build/Objects-normal/arm64/ExtractedAppShortcutsMetadata.stringsdata --source-file-list /Users/andreamurru/Library/Developer/Xcode/DerivedData/SnapFlex-avcdgpizbreltndcksdvuvkrjyfp/Build/Intermediates.noindex/SnapFlex.build/Debug-iphoneos/SnapFlex.build/Objects-normal/arm64/SnapFlex.SwiftFileList --metadata-file-list /Users/andreamurru/Library/Developer/Xcode/DerivedData/SnapFlex-avcdgpizbreltndcksdvuvkrjyfp/Build/Intermediates.noindex/SnapFlex.build/Debug-iphoneos/SnapFlex.build/SnapFlex.DependencyMetadataFileList --static-metadata-file-list /Users/andreamurru/Library/Developer/Xcode/DerivedData/SnapFlex-avcdgpizbreltndcksdvuvkrjyfp/Build/Intermediates.noindex/SnapFlex.build/Debug-iphoneos/SnapFlex.build/SnapFlex.DependencyStaticMetadataFileList --swift-const-vals-list /Users/andreamurru/Library/Developer/Xcode/DerivedData/SnapFlex-avcdgpizbreltndcksdvuvkrjyfp/Build/Intermediates.noindex/SnapFlex.build/Debug-iphoneos/SnapFlex.build/Objects-normal/arm64/SnapFlex.SwiftConstValuesFileList --compile-time-extraction --deployment-aware-processing --validate-assistant-intents --no-app-shortcuts-localization
2026-08-08 15:19:17.617 appintentsmetadataprocessor[83888:1628386] Starting appintentsmetadataprocessor export
2026-08-08 15:19:17.619 appintentsmetadataprocessor[83888:1628386] warning: Metadata extraction skipped. No AppIntents.framework dependency found.

CopySwiftLibs /Users/andreamurru/Library/Developer/Xcode/DerivedData/SnapFlex-avcdgpizbreltndcksdvuvkrjyfp/Build/Products/Debug-iphoneos/SnapFlex.app (in target 'SnapFlex' from project 'SnapFlex')
    cd /Users/andreamurru/SnapFlexBuild
    builtin-swiftStdLibTool --copy --verbose --sign 175FD9D5B7075A8776D0AA2A7DB55D07978D67E9 --scan-executable /Users/andreamurru/Library/Developer/Xcode/DerivedData/SnapFlex-avcdgpizbreltndcksdvuvkrjyfp/Build/Products/Debug-iphoneos/SnapFlex.app/SnapFlex.debug.dylib --scan-folder /Users/andreamurru/Library/Developer/Xcode/DerivedData/SnapFlex-avcdgpizbreltndcksdvuvkrjyfp/Build/Products/Debug-iphoneos/SnapFlex.app/Frameworks --scan-folder /Users/andreamurru/Library/Developer/Xcode/DerivedData/SnapFlex-avcdgpizbreltndcksdvuvkrjyfp/Build/Products/Debug-iphoneos/SnapFlex.app/PlugIns --scan-folder /Users/andreamurru/Library/Developer/Xcode/DerivedData/SnapFlex-avcdgpizbreltndcksdvuvkrjyfp/Build/Products/Debug-iphoneos/SnapFlex.app/SystemExtensions --scan-folder /Users/andreamurru/Library/Developer/Xcode/DerivedData/SnapFlex-avcdgpizbreltndcksdvuvkrjyfp/Build/Products/Debug-iphoneos/SnapFlex.app/Extensions --platform iphoneos --toolchain /var/run/com.apple.security.cryptexd/mnt/com.apple.MobileAsset.MetalToolchain-v17.6.42.0.flgQIa/Metal.xctoolchain --toolchain /Applications/Xcode.app/Contents/Developer/Toolchains/XcodeDefault.xctoolchain --destination /Users/andreamurru/Library/Developer/Xcode/DerivedData/SnapFlex-avcdgpizbreltndcksdvuvkrjyfp/Build/Products/Debug-iphoneos/SnapFlex.app/Frameworks --strip-bitcode --strip-bitcode-tool /Applications/Xcode.app/Contents/Developer/Toolchains/XcodeDefault.xctoolchain/usr/bin/bitcode_strip --emit-dependency-info /Users/andreamurru/Library/Developer/Xcode/DerivedData/SnapFlex-avcdgpizbreltndcksdvuvkrjyfp/Build/Intermediates.noindex/SnapFlex.build/Debug-iphoneos/SnapFlex.build/SwiftStdLibToolInputDependencies.dep --filter-for-swift-os

AppIntentsSSUTraining (in target 'SnapFlex' from project 'SnapFlex')
    cd /Users/andreamurru/SnapFlexBuild
    /Applications/Xcode.app/Contents/Developer/Toolchains/XcodeDefault.xctoolchain/usr/bin/appintentsnltrainingprocessor --infoplist-path /Users/andreamurru/Library/Developer/Xcode/DerivedData/SnapFlex-avcdgpizbreltndcksdvuvkrjyfp/Build/Products/Debug-iphoneos/SnapFlex.app/Info.plist --temp-dir-path /Users/andreamurru/Library/Developer/Xcode/DerivedData/SnapFlex-avcdgpizbreltndcksdvuvkrjyfp/Build/Intermediates.noindex/SnapFlex.build/Debug-iphoneos/SnapFlex.build/ssu --bundle-id co.SnapFlex --product-path /Users/andreamurru/Library/Developer/Xcode/DerivedData/SnapFlex-avcdgpizbreltndcksdvuvkrjyfp/Build/Products/Debug-iphoneos/SnapFlex.app --extracted-metadata-path /Users/andreamurru/Library/Developer/Xcode/DerivedData/SnapFlex-avcdgpizbreltndcksdvuvkrjyfp/Build/Products/Debug-iphoneos/SnapFlex.app/Metadata.appintents --metadata-file-list /Users/andreamurru/Library/Developer/Xcode/DerivedData/SnapFlex-avcdgpizbreltndcksdvuvkrjyfp/Build/Intermediates.noindex/SnapFlex.build/Debug-iphoneos/SnapFlex.build/SnapFlex.DependencyMetadataFileList --source-file /Users/andreamurru/Library/Developer/Xcode/DerivedData/SnapFlex-avcdgpizbreltndcksdvuvkrjyfp/Build/Products/Debug-iphoneos/SnapFlex.app/Info.plist --archive-ssu-assets
2026-08-08 15:19:17.646 appintentsnltrainingprocessor[83889:1628389] Parsing options for appintentsnltrainingprocessor
2026-08-08 15:19:17.647 appintentsnltrainingprocessor[83889:1628389] Starting AppIntents SSU YAML Generation
2026-08-08 15:19:17.649 appintentsnltrainingprocessor[83889:1628389] No AppShortcuts found - Skipping.

ProcessInfoPlistFile /Users/andreamurru/Library/Developer/Xcode/DerivedData/SnapFlex-avcdgpizbreltndcksdvuvkrjyfp/Build/Products/Debug-iphoneos/SnapFlex.app/PlugIns/SnapFlexTests.xctest/Info.plist /Users/andreamurru/Library/Developer/Xcode/DerivedData/SnapFlex-avcdgpizbreltndcksdvuvkrjyfp/Build/Intermediates.noindex/SnapFlex.build/Debug-iphoneos/SnapFlexTests.build/empty-SnapFlexTests.plist (in target 'SnapFlexTests' from project 'SnapFlex')
    cd /Users/andreamurru/SnapFlexBuild
    builtin-infoPlistUtility /Users/andreamurru/Library/Developer/Xcode/DerivedData/SnapFlex-avcdgpizbreltndcksdvuvkrjyfp/Build/Intermediates.noindex/SnapFlex.build/Debug-iphoneos/SnapFlexTests.build/empty-SnapFlexTests.plist -producttype com.apple.product-type.bundle.unit-test -expandbuildsettings -format binary -platform iphoneos -requiredArchitecture arm64 -o /Users/andreamurru/Library/Developer/Xcode/DerivedData/SnapFlex-avcdgpizbreltndcksdvuvkrjyfp/Build/Products/Debug-iphoneos/SnapFlex.app/PlugIns/SnapFlexTests.xctest/Info.plist

SwiftDriverJobDiscovery normal arm64 Compiling CaptureStoreTests.swift (in target 'SnapFlexTests' from project 'SnapFlex')

SwiftDriverJobDiscovery normal arm64 Compiling CameraEngineTests.swift (in target 'SnapFlexTests' from project 'SnapFlex')

SwiftDriver\ Compilation SnapFlexTests normal arm64 com.apple.xcode.tools.swift.compiler (in target 'SnapFlexTests' from project 'SnapFlex')
    cd /Users/andreamurru/SnapFlexBuild
    builtin-Swift-Compilation -- /Applications/Xcode.app/Contents/Developer/Toolchains/XcodeDefault.xctoolchain/usr/bin/swiftc -module-name SnapFlexTests -Onone @/Users/andreamurru/Library/Developer/Xcode/DerivedData/SnapFlex-avcdgpizbreltndcksdvuvkrjyfp/Build/Intermediates.noindex/SnapFlex.build/Debug-iphoneos/SnapFlexTests.build/Objects-normal/arm64/SnapFlexTests.SwiftFileList -DDEBUG -plugin-path /Applications/Xcode.app/Contents/Developer/Toolchains/XcodeDefault.xctoolchain/usr/lib/swift/host/plugins/testing -enable-bare-slash-regex -enable-experimental-feature DebugDescriptionMacro -sdk /Applications/Xcode.app/Contents/Developer/Platforms/iPhoneOS.platform/Developer/SDKs/iPhoneOS26.5.sdk -target arm64-apple-ios18.0 -g -module-cache-path /Users/andreamurru/Library/Developer/Xcode/DerivedData/ModuleCache.noindex -Xfrontend -serialize-debugging-options -enable-testing -index-store-path /Users/andreamurru/Library/Developer/Xcode/DerivedData/SnapFlex-avcdgpizbreltndcksdvuvkrjyfp/Index.noindex/DataStore -Xcc -D_LIBCPP_HARDENING_MODE\=_LIBCPP_HARDENING_MODE_DEBUG -swift-version 5 -I /Users/andreamurru/Library/Developer/Xcode/DerivedData/SnapFlex-avcdgpizbreltndcksdvuvkrjyfp/Build/Products/Debug-iphoneos -Isystem /Applications/Xcode.app/Contents/Developer/Platforms/iPhoneOS.platform/Developer/usr/lib -F /Users/andreamurru/Library/Developer/Xcode/DerivedData/SnapFlex-avcdgpizbreltndcksdvuvkrjyfp/Build/Products/Debug-iphoneos/PackageFrameworks -F /Users/andreamurru/Library/Developer/Xcode/DerivedData/SnapFlex-avcdgpizbreltndcksdvuvkrjyfp/Build/Products/Debug-iphoneos -F /Applications/Xcode.app/Contents/Developer/Platforms/iPhoneOS.platform/Developer/Library/Frameworks -F /Applications/Xcode.app/Contents/Developer/Platforms/iPhoneOS.platform/Developer/SDKs/iPhoneOS26.5.sdk/Developer/Library/Frameworks -c -j10 -enable-batch-mode -incremental -Xcc -ivfsstatcache -Xcc /Users/andreamurru/Library/Developer/Xcode/DerivedData/SDKStatCaches.noindex/iphoneos26.5-23F73-688ef53f1462e2c8f657fdc38a81448f32daed1954a7d5dd0789fcaf2a9bb78b.sdkstatcache -output-file-map /Users/andreamurru/Library/Developer/Xcode/DerivedData/SnapFlex-avcdgpizbreltndcksdvuvkrjyfp/Build/Intermediates.noindex/SnapFlex.build/Debug-iphoneos/SnapFlexTests.build/Objects-normal/arm64/SnapFlexTests-OutputFileMap.json -use-frontend-parseable-output -save-temps -no-color-diagnostics -explicit-module-build -module-cache-path /Users/andreamurru/Library/Developer/Xcode/DerivedData/SnapFlex-avcdgpizbreltndcksdvuvkrjyfp/Build/Intermediates.noindex/SwiftExplicitPrecompiledModules -clang-scanner-module-cache-path /Users/andreamurru/Library/Developer/Xcode/DerivedData/ModuleCache.noindex -sdk-module-cache-path /Users/andreamurru/Library/Developer/Xcode/DerivedData/ModuleCache.noindex -serialize-diagnostics -emit-dependencies -emit-module -emit-module-path /Users/andreamurru/Library/Developer/Xcode/DerivedData/SnapFlex-avcdgpizbreltndcksdvuvkrjyfp/Build/Intermediates.noindex/SnapFlex.build/Debug-iphoneos/SnapFlexTests.build/Objects-normal/arm64/SnapFlexTests.swiftmodule -validate-clang-modules-once -clang-build-session-file /Users/andreamurru/Library/Developer/Xcode/DerivedData/ModuleCache.noindex/Session.modulevalidation -Xcc -I/Users/andreamurru/Library/Developer/Xcode/DerivedData/SnapFlex-avcdgpizbreltndcksdvuvkrjyfp/Build/Intermediates.noindex/SnapFlex.build/Debug-iphoneos/SnapFlexTests.build/swift-overrides.hmap -emit-const-values -Xfrontend -const-gather-protocols-file -Xfrontend /Users/andreamurru/Library/Developer/Xcode/DerivedData/SnapFlex-avcdgpizbreltndcksdvuvkrjyfp/Build/Intermediates.noindex/SnapFlex.build/Debug-iphoneos/SnapFlexTests.build/Objects-normal/arm64/SnapFlexTests_const_extract_protocols.json -Xcc -iquote -Xcc /Users/andreamurru/Library/Developer/Xcode/DerivedData/SnapFlex-avcdgpizbreltndcksdvuvkrjyfp/Build/Intermediates.noindex/SnapFlex.build/Debug-iphoneos/SnapFlexTests.build/SnapFlexTests-generated-files.hmap -Xcc -I/Users/andreamurru/Library/Developer/Xcode/DerivedData/SnapFlex-avcdgpizbreltndcksdvuvkrjyfp/Build/Intermediates.noindex/SnapFlex.build/Debug-iphoneos/SnapFlexTests.build/SnapFlexTests-own-target-headers.hmap -Xcc -I/Users/andreamurru/Library/Developer/Xcode/DerivedData/SnapFlex-avcdgpizbreltndcksdvuvkrjyfp/Build/Intermediates.noindex/SnapFlex.build/Debug-iphoneos/SnapFlexTests.build/SnapFlexTests-all-non-framework-target-headers.hmap -Xcc -ivfsoverlay -Xcc /Users/andreamurru/Library/Developer/Xcode/DerivedData/SnapFlex-avcdgpizbreltndcksdvuvkrjyfp/Build/Intermediates.noindex/SnapFlex.build/Debug-iphoneos/SnapFlex-0deaf04b0ddd94b0ab39d2d00cf13a33-VFS-iphoneos/all-product-headers.yaml -Xcc -iquote -Xcc /Users/andreamurru/Library/Developer/Xcode/DerivedData/SnapFlex-avcdgpizbreltndcksdvuvkrjyfp/Build/Intermediates.noindex/SnapFlex.build/Debug-iphoneos/SnapFlexTests.build/SnapFlexTests-project-headers.hmap -Xcc -I/Users/andreamurru/Library/Developer/Xcode/DerivedData/SnapFlex-avcdgpizbreltndcksdvuvkrjyfp/Build/Products/Debug-iphoneos/include -Xcc -I/Users/andreamurru/Library/Developer/Xcode/DerivedData/SnapFlex-avcdgpizbreltndcksdvuvkrjyfp/Build/Intermediates.noindex/SnapFlex.build/Debug-iphoneos/SnapFlexTests.build/DerivedSources-normal/arm64 -Xcc -I/Users/andreamurru/Library/Developer/Xcode/DerivedData/SnapFlex-avcdgpizbreltndcksdvuvkrjyfp/Build/Intermediates.noindex/SnapFlex.build/Debug-iphoneos/SnapFlexTests.build/DerivedSources/arm64 -Xcc -I/Users/andreamurru/Library/Developer/Xcode/DerivedData/SnapFlex-avcdgpizbreltndcksdvuvkrjyfp/Build/Intermediates.noindex/SnapFlex.build/Debug-iphoneos/SnapFlexTests.build/DerivedSources -Xcc -DDEBUG\=1 -emit-objc-header -emit-objc-header-path /Users/andreamurru/Library/Developer/Xcode/DerivedData/SnapFlex-avcdgpizbreltndcksdvuvkrjyfp/Build/Intermediates.noindex/SnapFlex.build/Debug-iphoneos/SnapFlexTests.build/Objects-normal/arm64/SnapFlexTests-Swift.h -working-directory /Users/andreamurru/SnapFlexBuild -experimental-emit-module-separately -disable-cmo

Ld /Users/andreamurru/Library/Developer/Xcode/DerivedData/SnapFlex-avcdgpizbreltndcksdvuvkrjyfp/Build/Products/Debug-iphoneos/SnapFlex.app/PlugIns/SnapFlexTests.xctest/SnapFlexTests normal (in target 'SnapFlexTests' from project 'SnapFlex')
    cd /Users/andreamurru/SnapFlexBuild
    /Applications/Xcode.app/Contents/Developer/Toolchains/XcodeDefault.xctoolchain/usr/bin/clang -Xlinker -reproducible -target arm64-apple-ios18.0 -bundle -isysroot /Applications/Xcode.app/Contents/Developer/Platforms/iPhoneOS.platform/Developer/SDKs/iPhoneOS26.5.sdk -O0 -L/Users/andreamurru/Library/Developer/Xcode/DerivedData/SnapFlex-avcdgpizbreltndcksdvuvkrjyfp/Build/Intermediates.noindex/EagerLinkingTBDs/Debug-iphoneos -L/Users/andreamurru/Library/Developer/Xcode/DerivedData/SnapFlex-avcdgpizbreltndcksdvuvkrjyfp/Build/Products/Debug-iphoneos -L/Applications/Xcode.app/Contents/Developer/Platforms/iPhoneOS.platform/Developer/usr/lib -F/Users/andreamurru/Library/Developer/Xcode/DerivedData/SnapFlex-avcdgpizbreltndcksdvuvkrjyfp/Build/Intermediates.noindex/EagerLinkingTBDs/Debug-iphoneos -F/Users/andreamurru/Library/Developer/Xcode/DerivedData/SnapFlex-avcdgpizbreltndcksdvuvkrjyfp/Build/Products/Debug-iphoneos/PackageFrameworks -F/Users/andreamurru/Library/Developer/Xcode/DerivedData/SnapFlex-avcdgpizbreltndcksdvuvkrjyfp/Build/Products/Debug-iphoneos -iframework /Applications/Xcode.app/Contents/Developer/Platforms/iPhoneOS.platform/Developer/Library/Frameworks -iframework /Applications/Xcode.app/Contents/Developer/Platforms/iPhoneOS.platform/Developer/SDKs/iPhoneOS26.5.sdk/Developer/Library/Frameworks -filelist /Users/andreamurru/Library/Developer/Xcode/DerivedData/SnapFlex-avcdgpizbreltndcksdvuvkrjyfp/Build/Intermediates.noindex/SnapFlex.build/Debug-iphoneos/SnapFlexTests.build/Objects-normal/arm64/SnapFlexTests.LinkFileList -Xlinker -rpath -Xlinker /usr/lib/swift -Xlinker -rpath -Xlinker /Users/andreamurru/Library/Developer/Xcode/DerivedData/SnapFlex-avcdgpizbreltndcksdvuvkrjyfp/Build/Products/Debug-iphoneos/PackageFrameworks -Xlinker -rpath -Xlinker @loader_path/Frameworks -Xlinker -rpath -Xlinker @executable_path/Frameworks -Xlinker -dead_strip -bundle_loader /Users/andreamurru/Library/Developer/Xcode/DerivedData/SnapFlex-avcdgpizbreltndcksdvuvkrjyfp/Build/Products/Debug-iphoneos/SnapFlex.app/SnapFlex -Xlinker -object_path_lto -Xlinker /Users/andreamurru/Library/Developer/Xcode/DerivedData/SnapFlex-avcdgpizbreltndcksdvuvkrjyfp/Build/Intermediates.noindex/SnapFlex.build/Debug-iphoneos/SnapFlexTests.build/Objects-normal/arm64/SnapFlexTests_lto.o -rdynamic -Xlinker -no_deduplicate -Xlinker -dependency_info -Xlinker /Users/andreamurru/Library/Developer/Xcode/DerivedData/SnapFlex-avcdgpizbreltndcksdvuvkrjyfp/Build/Intermediates.noindex/SnapFlex.build/Debug-iphoneos/SnapFlexTests.build/Objects-normal/arm64/SnapFlexTests_dependency_info.dat -fobjc-link-runtime -L/Applications/Xcode.app/Contents/Developer/Toolchains/XcodeDefault.xctoolchain/usr/lib/swift/iphoneos -L/usr/lib/swift -Xlinker -add_ast_path -Xlinker /Users/andreamurru/Library/Developer/Xcode/DerivedData/SnapFlex-avcdgpizbreltndcksdvuvkrjyfp/Build/Intermediates.noindex/SnapFlex.build/Debug-iphoneos/SnapFlexTests.build/Objects-normal/arm64/SnapFlexTests.swiftmodule @/Users/andreamurru/Library/Developer/Xcode/DerivedData/SnapFlex-avcdgpizbreltndcksdvuvkrjyfp/Build/Intermediates.noindex/SnapFlex.build/Debug-iphoneos/SnapFlexTests.build/Objects-normal/arm64/SnapFlexTests-linker-args.resp -Wl,-no_warn_duplicate_libraries -Xlinker -needed_framework -Xlinker XCTest -framework XCTest -Xlinker -needed-lXCTestSwiftSupport -lXCTestSwiftSupport /Users/andreamurru/Library/Developer/Xcode/DerivedData/SnapFlex-avcdgpizbreltndcksdvuvkrjyfp/Build/Products/Debug-iphoneos/SnapFlex.app/SnapFlex.debug.dylib -Xlinker -no_adhoc_codesign -o /Users/andreamurru/Library/Developer/Xcode/DerivedData/SnapFlex-avcdgpizbreltndcksdvuvkrjyfp/Build/Products/Debug-iphoneos/SnapFlex.app/PlugIns/SnapFlexTests.xctest/SnapFlexTests

CopySwiftLibs /Users/andreamurru/Library/Developer/Xcode/DerivedData/SnapFlex-avcdgpizbreltndcksdvuvkrjyfp/Build/Products/Debug-iphoneos/SnapFlex.app/PlugIns/SnapFlexTests.xctest (in target 'SnapFlexTests' from project 'SnapFlex')
    cd /Users/andreamurru/SnapFlexBuild
    builtin-swiftStdLibTool --copy --verbose --sign 175FD9D5B7075A8776D0AA2A7DB55D07978D67E9 --scan-executable /Users/andreamurru/Library/Developer/Xcode/DerivedData/SnapFlex-avcdgpizbreltndcksdvuvkrjyfp/Build/Products/Debug-iphoneos/SnapFlex.app/PlugIns/SnapFlexTests.xctest/SnapFlexTests --scan-folder /Users/andreamurru/Library/Developer/Xcode/DerivedData/SnapFlex-avcdgpizbreltndcksdvuvkrjyfp/Build/Products/Debug-iphoneos/SnapFlex.app/PlugIns/SnapFlexTests.xctest/Frameworks --scan-folder /Users/andreamurru/Library/Developer/Xcode/DerivedData/SnapFlex-avcdgpizbreltndcksdvuvkrjyfp/Build/Products/Debug-iphoneos/SnapFlex.app/PlugIns/SnapFlexTests.xctest/PlugIns --scan-folder /Users/andreamurru/Library/Developer/Xcode/DerivedData/SnapFlex-avcdgpizbreltndcksdvuvkrjyfp/Build/Products/Debug-iphoneos/SnapFlex.app/PlugIns/SnapFlexTests.xctest/SystemExtensions --scan-folder /Users/andreamurru/Library/Developer/Xcode/DerivedData/SnapFlex-avcdgpizbreltndcksdvuvkrjyfp/Build/Products/Debug-iphoneos/SnapFlex.app/PlugIns/SnapFlexTests.xctest/Extensions --platform iphoneos --toolchain /var/run/com.apple.security.cryptexd/mnt/com.apple.MobileAsset.MetalToolchain-v17.6.42.0.flgQIa/Metal.xctoolchain --toolchain /Applications/Xcode.app/Contents/Developer/Toolchains/XcodeDefault.xctoolchain --destination /Users/andreamurru/Library/Developer/Xcode/DerivedData/SnapFlex-avcdgpizbreltndcksdvuvkrjyfp/Build/Products/Debug-iphoneos/SnapFlex.app/PlugIns/SnapFlexTests.xctest/Frameworks --strip-bitcode --scan-executable /Applications/Xcode.app/Contents/Developer/Platforms/iPhoneOS.platform/Developer/usr/lib/libXCTestSwiftSupport.dylib --strip-bitcode-tool /Applications/Xcode.app/Contents/Developer/Toolchains/XcodeDefault.xctoolchain/usr/bin/bitcode_strip --emit-dependency-info /Users/andreamurru/Library/Developer/Xcode/DerivedData/SnapFlex-avcdgpizbreltndcksdvuvkrjyfp/Build/Intermediates.noindex/SnapFlex.build/Debug-iphoneos/SnapFlexTests.build/SwiftStdLibToolInputDependencies.dep --filter-for-swift-os

ExtractAppIntentsMetadata (in target 'SnapFlexTests' from project 'SnapFlex')
    cd /Users/andreamurru/SnapFlexBuild
    /Applications/Xcode.app/Contents/Developer/Toolchains/XcodeDefault.xctoolchain/usr/bin/appintentsmetadataprocessor --toolchain-dir /var/run/com.apple.security.cryptexd/mnt/com.apple.MobileAsset.MetalToolchain-v17.6.42.0.flgQIa/Metal.xctoolchain --module-name SnapFlexTests --sdk-root /Applications/Xcode.app/Contents/Developer/Platforms/iPhoneOS.platform/Developer/SDKs/iPhoneOS26.5.sdk --xcode-version 17F42 --platform-family iOS --deployment-target 18.0 --bundle-identifier co.SnapFlexTests --output /Users/andreamurru/Library/Developer/Xcode/DerivedData/SnapFlex-avcdgpizbreltndcksdvuvkrjyfp/Build/Products/Debug-iphoneos/SnapFlex.app/PlugIns/SnapFlexTests.xctest --target-triple arm64-apple-ios18.0 --binary-file /Users/andreamurru/Library/Developer/Xcode/DerivedData/SnapFlex-avcdgpizbreltndcksdvuvkrjyfp/Build/Products/Debug-iphoneos/SnapFlex.app/PlugIns/SnapFlexTests.xctest/SnapFlexTests --dependency-file /Users/andreamurru/Library/Developer/Xcode/DerivedData/SnapFlex-avcdgpizbreltndcksdvuvkrjyfp/Build/Intermediates.noindex/SnapFlex.build/Debug-iphoneos/SnapFlexTests.build/Objects-normal/arm64/SnapFlexTests_dependency_info.dat --stringsdata-file /Users/andreamurru/Library/Developer/Xcode/DerivedData/SnapFlex-avcdgpizbreltndcksdvuvkrjyfp/Build/Intermediates.noindex/SnapFlex.build/Debug-iphoneos/SnapFlexTests.build/Objects-normal/arm64/ExtractedAppShortcutsMetadata.stringsdata --source-file-list /Users/andreamurru/Library/Developer/Xcode/DerivedData/SnapFlex-avcdgpizbreltndcksdvuvkrjyfp/Build/Intermediates.noindex/SnapFlex.build/Debug-iphoneos/SnapFlexTests.build/Objects-normal/arm64/SnapFlexTests.SwiftFileList --metadata-file-list /Users/andreamurru/Library/Developer/Xcode/DerivedData/SnapFlex-avcdgpizbreltndcksdvuvkrjyfp/Build/Intermediates.noindex/SnapFlex.build/Debug-iphoneos/SnapFlexTests.build/SnapFlexTests.DependencyMetadataFileList --static-metadata-file-list /Users/andreamurru/Library/Developer/Xcode/DerivedData/SnapFlex-avcdgpizbreltndcksdvuvkrjyfp/Build/Intermediates.noindex/SnapFlex.build/Debug-iphoneos/SnapFlexTests.build/SnapFlexTests.DependencyStaticMetadataFileList --swift-const-vals-list /Users/andreamurru/Library/Developer/Xcode/DerivedData/SnapFlex-avcdgpizbreltndcksdvuvkrjyfp/Build/Intermediates.noindex/SnapFlex.build/Debug-iphoneos/SnapFlexTests.build/Objects-normal/arm64/SnapFlexTests.SwiftConstValuesFileList --compile-time-extraction --deployment-aware-processing --validate-assistant-intents --no-app-shortcuts-localization
2026-08-08 15:19:18.244 appintentsmetadataprocessor[83892:1628442] Starting appintentsmetadataprocessor export
2026-08-08 15:19:18.245 appintentsmetadataprocessor[83892:1628442] warning: Metadata extraction skipped. No AppIntents.framework dependency found.

GenerateDSYMFile /Users/andreamurru/Library/Developer/Xcode/DerivedData/SnapFlex-avcdgpizbreltndcksdvuvkrjyfp/Build/Products/Debug-iphoneos/SnapFlex.app/PlugIns/SnapFlexTests.xctest.dSYM /Users/andreamurru/Library/Developer/Xcode/DerivedData/SnapFlex-avcdgpizbreltndcksdvuvkrjyfp/Build/Products/Debug-iphoneos/SnapFlex.app/PlugIns/SnapFlexTests.xctest/SnapFlexTests (in target 'SnapFlexTests' from project 'SnapFlex')
    cd /Users/andreamurru/SnapFlexBuild
    /Applications/Xcode.app/Contents/Developer/Toolchains/XcodeDefault.xctoolchain/usr/bin/dsymutil /Users/andreamurru/Library/Developer/Xcode/DerivedData/SnapFlex-avcdgpizbreltndcksdvuvkrjyfp/Build/Products/Debug-iphoneos/SnapFlex.app/PlugIns/SnapFlexTests.xctest/SnapFlexTests -o /Users/andreamurru/Library/Developer/Xcode/DerivedData/SnapFlex-avcdgpizbreltndcksdvuvkrjyfp/Build/Products/Debug-iphoneos/SnapFlex.app/PlugIns/SnapFlexTests.xctest.dSYM

AppIntentsSSUTraining (in target 'SnapFlexTests' from project 'SnapFlex')
    cd /Users/andreamurru/SnapFlexBuild
    /Applications/Xcode.app/Contents/Developer/Toolchains/XcodeDefault.xctoolchain/usr/bin/appintentsnltrainingprocessor --infoplist-path /Users/andreamurru/Library/Developer/Xcode/DerivedData/SnapFlex-avcdgpizbreltndcksdvuvkrjyfp/Build/Products/Debug-iphoneos/SnapFlex.app/PlugIns/SnapFlexTests.xctest/Info.plist --temp-dir-path /Users/andreamurru/Library/Developer/Xcode/DerivedData/SnapFlex-avcdgpizbreltndcksdvuvkrjyfp/Build/Intermediates.noindex/SnapFlex.build/Debug-iphoneos/SnapFlexTests.build/ssu --bundle-id co.SnapFlexTests --product-path /Users/andreamurru/Library/Developer/Xcode/DerivedData/SnapFlex-avcdgpizbreltndcksdvuvkrjyfp/Build/Products/Debug-iphoneos/SnapFlex.app/PlugIns/SnapFlexTests.xctest --extracted-metadata-path /Users/andreamurru/Library/Developer/Xcode/DerivedData/SnapFlex-avcdgpizbreltndcksdvuvkrjyfp/Build/Products/Debug-iphoneos/SnapFlex.app/PlugIns/SnapFlexTests.xctest/Metadata.appintents --metadata-file-list /Users/andreamurru/Library/Developer/Xcode/DerivedData/SnapFlex-avcdgpizbreltndcksdvuvkrjyfp/Build/Intermediates.noindex/SnapFlex.build/Debug-iphoneos/SnapFlexTests.build/SnapFlexTests.DependencyMetadataFileList --source-file /Users/andreamurru/Library/Developer/Xcode/DerivedData/SnapFlex-avcdgpizbreltndcksdvuvkrjyfp/Build/Products/Debug-iphoneos/SnapFlex.app/PlugIns/SnapFlexTests.xctest/Info.plist --archive-ssu-assets
2026-08-08 15:19:18.260 appintentsnltrainingprocessor[83894:1628444] Parsing options for appintentsnltrainingprocessor
2026-08-08 15:19:18.261 appintentsnltrainingprocessor[83894:1628444] Starting AppIntents SSU YAML Generation
2026-08-08 15:19:18.261 appintentsnltrainingprocessor[83894:1628444] No AppShortcuts found - Skipping.

CodeSign /Users/andreamurru/Library/Developer/Xcode/DerivedData/SnapFlex-avcdgpizbreltndcksdvuvkrjyfp/Build/Products/Debug-iphoneos/SnapFlex.app/PlugIns/SnapFlexTests.xctest (in target 'SnapFlexTests' from project 'SnapFlex')
    cd /Users/andreamurru/SnapFlexBuild
    
    Signing Identity:     "Apple Development: anmurru+itunes@gmail.com (U55YGSU77D)"
    
    /usr/bin/codesign --force --sign 175FD9D5B7075A8776D0AA2A7DB55D07978D67E9 --timestamp\=none --generate-entitlement-der /Users/andreamurru/Library/Developer/Xcode/DerivedData/SnapFlex-avcdgpizbreltndcksdvuvkrjyfp/Build/Products/Debug-iphoneos/SnapFlex.app/PlugIns/SnapFlexTests.xctest

RegisterExecutionPolicyException /Users/andreamurru/Library/Developer/Xcode/DerivedData/SnapFlex-avcdgpizbreltndcksdvuvkrjyfp/Build/Products/Debug-iphoneos/SnapFlex.app/PlugIns/SnapFlexTests.xctest (in target 'SnapFlexTests' from project 'SnapFlex')
    cd /Users/andreamurru/SnapFlexBuild
    builtin-RegisterExecutionPolicyException /Users/andreamurru/Library/Developer/Xcode/DerivedData/SnapFlex-avcdgpizbreltndcksdvuvkrjyfp/Build/Products/Debug-iphoneos/SnapFlex.app/PlugIns/SnapFlexTests.xctest

Touch /Users/andreamurru/Library/Developer/Xcode/DerivedData/SnapFlex-avcdgpizbreltndcksdvuvkrjyfp/Build/Products/Debug-iphoneos/SnapFlex.app/PlugIns/SnapFlexTests.xctest (in target 'SnapFlexTests' from project 'SnapFlex')
    cd /Users/andreamurru/SnapFlexBuild
    /usr/bin/touch -c /Users/andreamurru/Library/Developer/Xcode/DerivedData/SnapFlex-avcdgpizbreltndcksdvuvkrjyfp/Build/Products/Debug-iphoneos/SnapFlex.app/PlugIns/SnapFlexTests.xctest

CodeSign /Users/andreamurru/Library/Developer/Xcode/DerivedData/SnapFlex-avcdgpizbreltndcksdvuvkrjyfp/Build/Products/Debug-iphoneos/SnapFlex.app/SnapFlex.debug.dylib (in target 'SnapFlex' from project 'SnapFlex')
    cd /Users/andreamurru/SnapFlexBuild
    
    Signing Identity:     "Apple Development: anmurru+itunes@gmail.com (U55YGSU77D)"
    Provisioning Profile: "iOS Team Provisioning Profile: *"
                          (938bfba4-8860-4c62-b56d-57ddd4998ce6)
    
    /usr/bin/codesign --force --sign 175FD9D5B7075A8776D0AA2A7DB55D07978D67E9 --timestamp\=none --generate-entitlement-der /Users/andreamurru/Library/Developer/Xcode/DerivedData/SnapFlex-avcdgpizbreltndcksdvuvkrjyfp/Build/Products/Debug-iphoneos/SnapFlex.app/SnapFlex.debug.dylib

CodeSign /Users/andreamurru/Library/Developer/Xcode/DerivedData/SnapFlex-avcdgpizbreltndcksdvuvkrjyfp/Build/Products/Debug-iphoneos/SnapFlex.app/__preview.dylib (in target 'SnapFlex' from project 'SnapFlex')
    cd /Users/andreamurru/SnapFlexBuild
    
    Signing Identity:     "Apple Development: anmurru+itunes@gmail.com (U55YGSU77D)"
    Provisioning Profile: "iOS Team Provisioning Profile: *"
                          (938bfba4-8860-4c62-b56d-57ddd4998ce6)
    
    /usr/bin/codesign --force --sign 175FD9D5B7075A8776D0AA2A7DB55D07978D67E9 --timestamp\=none --generate-entitlement-der /Users/andreamurru/Library/Developer/Xcode/DerivedData/SnapFlex-avcdgpizbreltndcksdvuvkrjyfp/Build/Products/Debug-iphoneos/SnapFlex.app/__preview.dylib

CodeSign /Users/andreamurru/Library/Developer/Xcode/DerivedData/SnapFlex-avcdgpizbreltndcksdvuvkrjyfp/Build/Products/Debug-iphoneos/SnapFlex.app (in target 'SnapFlex' from project 'SnapFlex')
    cd /Users/andreamurru/SnapFlexBuild
    
    Signing Identity:     "Apple Development: anmurru+itunes@gmail.com (U55YGSU77D)"
    Provisioning Profile: "iOS Team Provisioning Profile: *"
                          (938bfba4-8860-4c62-b56d-57ddd4998ce6)
    
    /usr/bin/codesign --force --sign 175FD9D5B7075A8776D0AA2A7DB55D07978D67E9 --entitlements /Users/andreamurru/Library/Developer/Xcode/DerivedData/SnapFlex-avcdgpizbreltndcksdvuvkrjyfp/Build/Intermediates.noindex/SnapFlex.build/Debug-iphoneos/SnapFlex.build/SnapFlex.app.xcent --timestamp\=none --generate-entitlement-der /Users/andreamurru/Library/Developer/Xcode/DerivedData/SnapFlex-avcdgpizbreltndcksdvuvkrjyfp/Build/Products/Debug-iphoneos/SnapFlex.app

RegisterExecutionPolicyException /Users/andreamurru/Library/Developer/Xcode/DerivedData/SnapFlex-avcdgpizbreltndcksdvuvkrjyfp/Build/Products/Debug-iphoneos/SnapFlex.app (in target 'SnapFlex' from project 'SnapFlex')
    cd /Users/andreamurru/SnapFlexBuild
    builtin-RegisterExecutionPolicyException /Users/andreamurru/Library/Developer/Xcode/DerivedData/SnapFlex-avcdgpizbreltndcksdvuvkrjyfp/Build/Products/Debug-iphoneos/SnapFlex.app

Validate /Users/andreamurru/Library/Developer/Xcode/DerivedData/SnapFlex-avcdgpizbreltndcksdvuvkrjyfp/Build/Products/Debug-iphoneos/SnapFlex.app (in target 'SnapFlex' from project 'SnapFlex')
    cd /Users/andreamurru/SnapFlexBuild
    builtin-validationUtility /Users/andreamurru/Library/Developer/Xcode/DerivedData/SnapFlex-avcdgpizbreltndcksdvuvkrjyfp/Build/Products/Debug-iphoneos/SnapFlex.app -shallow-bundle -infoplist-subpath Info.plist

Touch /Users/andreamurru/Library/Developer/Xcode/DerivedData/SnapFlex-avcdgpizbreltndcksdvuvkrjyfp/Build/Products/Debug-iphoneos/SnapFlex.app (in target 'SnapFlex' from project 'SnapFlex')
    cd /Users/andreamurru/SnapFlexBuild
    /usr/bin/touch -c /Users/andreamurru/Library/Developer/Xcode/DerivedData/SnapFlex-avcdgpizbreltndcksdvuvkrjyfp/Build/Products/Debug-iphoneos/SnapFlex.app

2026-08-08 15:22:02.531 xcodebuild[83692:1632375]  IDELaunchReport: e02c66453207b440:e02c66453207b440: Finished with error: The application failed to launch.
Domain: com.apple.dt.CoreDeviceError
Code: 10002
User Info: {
    BundleIdentifier = "co.SnapFlex";
    DVTErrorCreationDateKey = "2026-08-08 13:22:02 +0000";
    IDERunOperationFailingWorker = IDELaunchCoreDeviceWorker;
}
--
The request to open "co.SnapFlex" failed.
Domain: FBSOpenApplicationServiceErrorDomain
Code: 1
Failure Reason: The request was denied by service delegate (SBMainWorkspace) for reason: Locked ("Unable to launch co.SnapFlex because the device was not, or could not be, unlocked").
User Info: {
    BSErrorCodeDescription = RequestDenied;
    FBSOpenApplicationRequestID = 0x2618;
}
--
The operation couldn’t be completed. Unable to launch co.SnapFlex because the device was not, or could not be, unlocked.
Domain: FBSOpenApplicationErrorDomain
Code: 7
Failure Reason: Unable to launch co.SnapFlex because the device was not, or could not be, unlocked.
User Info: {
    BSErrorCodeDescription = Locked;
}
--

2026-08-08 15:22:02.532 xcodebuild[83692:1632375]  IDELaunchReport: e02c66453207b440:e02c66453207b440: com.apple.dt.IDERunOperationWorkerFinished {
    "device_identifier" = "00008150-000C10C90280401C";
    "device_isCoreDevice" = 1;
    "device_isWireless" = 1;
    "device_model" = "iPhone18,1";
    "device_osBuild" = "26.5.2 (23F84)";
    "device_osBuild_monotonic" = 2305008400;
    "device_os_variant" = 1;
    "device_platform" = "com.apple.platform.iphoneos";
    "device_platform_family" = 2;
    "device_reality" = 1;
    "device_thinningType" = "iPhone18,1";
    "device_transport" = 2;
    "launchSession_schemeCommand" = Test;
    "launchSession_schemeCommand_enum" = 2;
    "launchSession_targetArch" = arm64;
    "launchSession_targetArch_enum" = 6;
    "operation_duration_ms" = 163379;
    "operation_errorCode" = 1;
    "operation_errorDomain" = "com.apple.dt.CoreDeviceError.10002.FBSOpenApplicationServiceErrorDomain";
    "operation_errorWorker" = IDELaunchCoreDeviceWorker;
    "operation_error_reportable" = 1;
    "operation_name" = IDERunOperationWorkerGroup;
    "param_consoleMode" = 0;
    "param_debugger_attachToExtensions" = 0;
    "param_debugger_attachToXPC" = 0;
    "param_debugger_type" = 1;
    "param_destination_isProxy" = 0;
    "param_destination_platform" = "com.apple.platform.iphoneos";
    "param_diag_MTE_enable" = 0;
    "param_diag_MainThreadChecker_stopOnIssue" = 0;
    "param_diag_MallocStackLogging_enableDuringAttach" = 0;
    "param_diag_MallocStackLogging_enableForXPC" = 0;
    "param_diag_allowLocationSimulation" = 1;
    "param_diag_checker_mtc_enable" = 0;
    "param_diag_checker_tpc_enable" = 1;
    "param_diag_gpu_frameCapture_enable" = 3;
    "param_diag_gpu_shaderValidation_enable" = 0;
    "param_diag_gpu_validation_enable" = 1;
    "param_diag_guardMalloc_enable" = 0;
    "param_diag_memoryGraphOnResourceException" = 0;
    "param_diag_queueDebugging_enable" = 0;
    "param_diag_runtimeProfile_generate" = 0;
    "param_diag_sanitizer_asan_enable" = 0;
    "param_diag_sanitizer_tsan_enable" = 0;
    "param_diag_sanitizer_tsan_stopOnIssue" = 0;
    "param_diag_sanitizer_ubsan_enable" = 0;
    "param_diag_sanitizer_ubsan_stopOnIssue" = 0;
    "param_diag_showNonLocalizedStrings" = 0;
    "param_diag_viewDebugging_enabled" = 0;
    "param_diag_viewDebugging_insertDylibOnLaunch" = 0;
    "param_install_style" = 2;
    "param_launcher_UID" = 2;
    "param_launcher_allowDeviceSensorReplayData" = 0;
    "param_launcher_kind" = 0;
    "param_launcher_style" = 0;
    "param_launcher_substyle" = 0;
    "param_runnable_appExtensionHostRunMode" = 0;
    "param_runnable_productType" = "com.apple.product-type.application";
    "param_testing_launchedForTesting" = 1;
    "param_testing_suppressSimulatorApp" = 1;
    "param_testing_usingCLI" = 0;
    "sdk_canonicalName" = "iphoneos26.5";
    "sdk_osVersion" = "26.5";
    "sdk_platformID" = 2;
    "sdk_variant" = iphoneos;
    "sdk_version_monotonic" = 2305007300;
}


*** If you believe this error represents a bug, please attach the result bundle at /Users/andreamurru/Library/Developer/Xcode/DerivedData/SnapFlex-avcdgpizbreltndcksdvuvkrjyfp/Logs/Test/Test-SnapFlex-2026.08.08_15-19-09-+0200.xcresult

2026-08-08 15:22:02.997 xcodebuild[83692:1631902]  IDETestOperationsObserverDebug: Failure collecting diagnostics from devices: Process exited with error 1:
 ERROR: The operation couldn?t be completed. (CoreDeviceCLISupport.DiagnoseError error 0.)
This tool generates files that allow Apple to investigate issues with your
computer and help improve Apple products. The files might contain personal
information found on your device or associated with your Apple Account(s),
including but not limited to your name, serial numbers of your device,
your device name, your device's location over the last one to two days,
your attached peripheral devices, your user name, your email address and
email settings, file paths, file names, Siri suggestions, your computer's
IP addresses, and network connection information.

This information is used by Apple in accordance with its privacy policy
(www.apple.com/privacy) and is not shared with any other company. By using
this tool and sending the results to Apple, you consent to Apple using the
contents of these files to improve Apple products.

An error occurred while running devicectl diagnose. Will archive the diagnostics collected thus far.
Wrote file to /Users/andreamurru/Library/Developer/Xcode/DerivedData/SnapFlex-avcdgpizbreltndcksdvuvkrjyfp/Logs/Test/Test-SnapFlex-2026.08.08_15-19-09-+0200.xcresult/Staging/1_Test/Diagnostics/devicectl_diagnostics.zip
Partial devicectl diagnose bundle located here: /Users/andreamurru/Library/Developer/Xcode/DerivedData/SnapFlex-avcdgpizbreltndcksdvuvkrjyfp/Logs/Test/Test-SnapFlex-2026.08.08_15-19-09-+0200.xcresult/Staging/1_Test/Diagnostics/devicectl_diagnostics.zip

2026-08-08 15:22:03.012 xcodebuild[83692:1627247] [MT] IDETestOperationsObserverDebug: 164.151 elapsed -- Testing started completed.
2026-08-08 15:22:03.012 xcodebuild[83692:1627247] [MT] IDETestOperationsObserverDebug: 0.000 sec, +0.000 sec -- start
2026-08-08 15:22:03.012 xcodebuild[83692:1627247] [MT] IDETestOperationsObserverDebug: 164.151 sec, +164.151 sec -- end

Test session results, code coverage, and logs:
	/Users/andreamurru/Library/Developer/Xcode/DerivedData/SnapFlex-avcdgpizbreltndcksdvuvkrjyfp/Logs/Test/Test-SnapFlex-2026.08.08_15-19-09-+0200.xcresult

Testing failed:
	The application failed to launch.
	SnapFlex encountered an error (Failed to install or launch the test runner. (Underlying Error: The application failed to launch. (Underlying Error: The request to open "co.SnapFlex" failed. The request was denied by service delegate (SBMainWorkspace) for reason: Locked ("Unable to launch co.SnapFlex because the device was not, or could not be, unlocked"). (Underlying Error: The operation couldn’t be completed. Unable to launch co.SnapFlex because the device was not, or could not be, unlocked.))))

** TEST FAILED **

Testing started
